fid,time,stations_id,mess_datum_ende,ja_tt,date_from,date_to,altitude,latitude,longitude,name,state,DTM Altitudes,SAMPLE_Altitudes1
"1",2017/01/01,"73",2017-12-31,9.38,1953-01-01,2021-12-31,"340",48.6159,13.0506,Aldersbach-Kriestorf,Bayern,"340",340.399993896484
"2",2018/01/01,"73",2018-12-31,10.73,1953-01-01,2021-12-31,"340",48.6159,13.0506,Aldersbach-Kriestorf,Bayern,"340",340.399993896484
"3",2019/01/01,"73",2019-12-31,10.16,1953-01-01,2021-12-31,"340",48.6159,13.0506,Aldersbach-Kriestorf,Bayern,"340",340.399993896484
"4",2017/01/01,"142",2017-12-31,9.19,1955-01-01,2021-12-31,"511",48.406,11.3117,Altomünster-Maisbrunn,Bayern,"511",509.600006103516
"5",2018/01/01,"142",2018-12-31,10.16,1955-01-01,2021-12-31,"511",48.406,11.3117,Altomünster-Maisbrunn,Bayern,"511",509.600006103516
"6",2019/01/01,"142",2019-12-31,9.81,1955-01-01,2021-12-31,"511",48.406,11.3117,Altomünster-Maisbrunn,Bayern,"511",509.600006103516
"7",2017/01/01,"151",2017-12-31,9.3,1881-01-01,2021-12-31,"382",49.4691,11.8546,Amberg-Unterammersricht,Bayern,"382",381.5
"8",2018/01/01,"151",2018-12-31,10.39,1881-01-01,2021-12-31,"382",49.4691,11.8546,Amberg-Unterammersricht,Bayern,"382",381.5
"9",2019/01/01,"151",2019-12-31,10.09,1881-01-01,2021-12-31,"382",49.4691,11.8546,Amberg-Unterammersricht,Bayern,"382",381.5
"10",2017/01/01,"154",2017-12-31,8.91,1994-01-01,2021-12-31,"516",48.0197,12.2925,Amerang-Pfaffing,Bayern,"516",515.900024414062
"11",2018/01/01,"154",2018-12-31,9.98,1994-01-01,2021-12-31,"516",48.0197,12.2925,Amerang-Pfaffing,Bayern,"516",515.900024414062
"12",2019/01/01,"154",2019-12-31,9.57,1994-01-01,2021-12-31,"516",48.0197,12.2925,Amerang-Pfaffing,Bayern,"516",515.900024414062
"13",2017/01/01,"191",2017-12-31,9.61,1884-01-01,2021-12-31,"217",49.9694,9.9114,Arnstein-Müdesheim,Bayern,"217",215.699996948242
"14",2018/01/01,"191",2018-12-31,10.58,1884-01-01,2021-12-31,"217",49.9694,9.9114,Arnstein-Müdesheim,Bayern,"217",215.699996948242
"15",2019/01/01,"191",2019-12-31,10.19,1884-01-01,2021-12-31,"217",49.9694,9.9114,Arnstein-Müdesheim,Bayern,"217",215.699996948242
"16",2017/01/01,"217",2017-12-31,8.94,1938-01-01,2021-12-31,"670",47.8774,11.3643,Attenkam,Bayern,"670",669.200012207031
"17",2018/01/01,"217",2018-12-31,9.86,1938-01-01,2021-12-31,"670",47.8774,11.3643,Attenkam,Bayern,"670",669.200012207031
"18",2019/01/01,"217",2019-12-31,9.55,1938-01-01,2021-12-31,"670",47.8774,11.3643,Attenkam,Bayern,"670",669.200012207031
"19",2017/01/01,"232",2017-12-31,9.15,1947-01-01,2021-12-31,"462",48.4253,10.9417,Augsburg,Bayern,"462",461.5
"20",2018/01/01,"232",2018-12-31,10.05,1947-01-01,2021-12-31,"462",48.4253,10.9417,Augsburg,Bayern,"462",461.5
"21",2019/01/01,"232",2019-12-31,9.66,1947-01-01,2021-12-31,"462",48.4253,10.9417,Augsburg,Bayern,"462",461.5
"22",2017/01/01,"282",2017-12-31,9.53,1949-01-01,2021-12-31,"240",49.8743,10.9206,Bamberg,Bayern,"240",240.100006103516
"23",2018/01/01,"282",2018-12-31,10.74,1949-01-01,2021-12-31,"240",49.8743,10.9206,Bamberg,Bayern,"240",240.100006103516
"24",2019/01/01,"282",2019-12-31,10.3,1949-01-01,2021-12-31,"240",49.8743,10.9206,Bamberg,Bayern,"240",240.100006103516
"25",2017/01/01,"320",2017-12-31,9.08,1851-01-01,2021-12-31,"350",49.9666,11.5198,Heinersreuth-Vollhof,Bayern,"350",349.399993896484
"26",2018/01/01,"320",2018-12-31,10.05,1851-01-01,2021-12-31,"350",49.9666,11.5198,Heinersreuth-Vollhof,Bayern,"350",349.399993896484
"27",2019/01/01,"320",2019-12-31,9.68,1851-01-01,2021-12-31,"350",49.9666,11.5198,Heinersreuth-Vollhof,Bayern,"350",349.399993896484
"28",2017/01/01,"856",2017-12-31,9.37,1998-01-01,2021-12-31,"551",47.8843,12.5404,Chieming,Bayern,"551",550.600036621094
"29",2018/01/01,"856",2018-12-31,10.31,1998-01-01,2021-12-31,"551",47.8843,12.5404,Chieming,Bayern,"551",550.600036621094
"30",2019/01/01,"856",2019-12-31,9.95,1998-01-01,2021-12-31,"551",47.8843,12.5404,Chieming,Bayern,"551",550.600036621094
"31",2018/01/01,"867",2018-12-31,10.45,1883-01-01,2021-12-31,"344",50.3066,10.9679,Lautertal-Oberlauter,Bayern,"344",342.800018310547
"32",2019/01/01,"867",2019-12-31,9.95,1883-01-01,2021-12-31,"344",50.3066,10.9679,Lautertal-Oberlauter,Bayern,"344",342.800018310547
"33",2017/01/01,"983",2017-12-31,9.33,2006-12-01,2021-12-31,"419",48.5562,10.5599,Dillingen/Donau-Fristingen,Bayern,"419",418.399993896484
"34",2018/01/01,"983",2018-12-31,10.33,2006-12-01,2021-12-31,"419",48.5562,10.5599,Dillingen/Donau-Fristingen,Bayern,"419",418.399993896484
"35",2019/01/01,"983",2019-12-31,9.88,2006-12-01,2021-12-31,"419",48.5562,10.5599,Dillingen/Donau-Fristingen,Bayern,"419",418.399993896484
"36",2017/01/01,"1103",2017-12-31,9.09,1938-01-01,2021-12-31,"592",48.1003,11.9872,Ebersberg-Halbing,Bayern,"592",589.400024414062
"37",2019/01/01,"1103",2019-12-31,9.68,1938-01-01,2021-12-31,"592",48.1003,11.9872,Ebersberg-Halbing,Bayern,"592",589.400024414062
"38",2017/01/01,"1107",2017-12-31,8.84,1948-01-01,2021-12-31,"346",49.852,10.4991,Ebrach,Bayern,"346",345.600006103516
"39",2018/01/01,"1107",2018-12-31,,1948-01-01,2021-12-31,"346",49.852,10.4991,Ebrach,Bayern,"346",345.600006103516
"40",2019/01/01,"1107",2019-12-31,9.56,1948-01-01,2021-12-31,"346",49.852,10.4991,Ebrach,Bayern,"346",345.600006103516
"41",2017/01/01,"1161",2017-12-31,9.04,1952-01-01,2021-12-31,"384",48.8777,11.2349,Eichstätt-Landershofen,Bayern,"384",384.200012207031
"42",2018/01/01,"1161",2018-12-31,10.11,1952-01-01,2021-12-31,"384",48.8777,11.2349,Eichstätt-Landershofen,Bayern,"384",384.200012207031
"43",2019/01/01,"1161",2019-12-31,9.58,1952-01-01,2021-12-31,"384",48.8777,11.2349,Eichstätt-Landershofen,Bayern,"384",384.200012207031
"44",2017/01/01,"1262",2017-12-31,9.18,1992-05-17,2021-12-31,"446",48.3477,11.8134,München-Flughafen,Bayern,"446",445.300018310547
"45",2018/01/01,"1262",2018-12-31,10.18,1992-05-17,2021-12-31,"446",48.3477,11.8134,München-Flughafen,Bayern,"446",445.300018310547
"46",2019/01/01,"1262",2019-12-31,9.84,1992-05-17,2021-12-31,"446",48.3477,11.8134,München-Flughafen,Bayern,"446",445.300018310547
"47",2017/01/01,"1279",2017-12-31,10.08,1881-01-01,2021-12-31,"268",49.6497,11.0075,Möhrendorf-Kleinseebach,Bayern,"268",267.600006103516
"48",2018/01/01,"1279",2018-12-31,11.3,1881-01-01,2021-12-31,"268",49.6497,11.0075,Möhrendorf-Kleinseebach,Bayern,"268",267.600006103516
"49",2019/01/01,"1279",2019-12-31,10.77,1881-01-01,2021-12-31,"268",49.6497,11.0075,Möhrendorf-Kleinseebach,Bayern,"268",267.600006103516
"50",2017/01/01,"1332",2017-12-31,9.53,1937-01-01,2021-12-31,"471",48.4832,12.7241,"Falkenberg,Kr.Rottal-Inn",Bayern,"471",471.300018310547
"51",2018/01/01,"1332",2018-12-31,10.66,1937-01-01,2021-12-31,"471",48.4832,12.7241,"Falkenberg,Kr.Rottal-Inn",Bayern,"471",471.300018310547
"52",2019/01/01,"1332",2019-12-31,10.24,1937-01-01,2021-12-31,"471",48.4832,12.7241,"Falkenberg,Kr.Rottal-Inn",Bayern,"471",471.300018310547
"53",2017/01/01,"1357",2017-12-31,7.34,1947-01-01,2021-12-31,"655",49.9807,11.8376,Fichtelberg/Oberfranken-Hütts,Bayern,"655",656.700012207031
"54",2018/01/01,"1357",2018-12-31,8.3,1947-01-01,2021-12-31,"655",49.9807,11.8376,Fichtelberg/Oberfranken-Hütts,Bayern,"655",656.700012207031
"55",2019/01/01,"1357",2019-12-31,8.2,1947-01-01,2021-12-31,"655",49.9807,11.8376,Fichtelberg/Oberfranken-Hütts,Bayern,"655",656.700012207031
"56",2017/01/01,"1550",2017-12-31,8.06,1889-01-01,2021-12-31,"719",47.483,11.0621,Garmisch-Partenkirchen,Bayern,"719",718
"57",2018/01/01,"1550",2018-12-31,8.91,1889-01-01,2021-12-31,"719",47.483,11.0621,Garmisch-Partenkirchen,Bayern,"719",718
"58",2019/01/01,"1550",2019-12-31,8.64,1889-01-01,2021-12-31,"719",47.483,11.0621,Garmisch-Partenkirchen,Bayern,"719",718
"59",2017/01/01,"1587",2017-12-31,9.07,1998-01-01,2021-12-31,"536",48.9481,11.4289,Gelbelsee,Bayern,"536",535.200012207031
"60",2018/01/01,"1587",2018-12-31,10.19,1998-01-01,2021-12-31,"536",48.9481,11.4289,Gelbelsee,Bayern,"536",535.200012207031
"61",2019/01/01,"1587",2019-12-31,9.93,1998-01-01,2021-12-31,"536",48.9481,11.4289,Gelbelsee,Bayern,"536",535.200012207031
"62",2017/01/01,"1721",2017-12-31,8.97,1991-01-01,2021-12-31,"506",49.664,11.2239,Gräfenberg-Kasberg,Bayern,"506",505.899993896484
"63",2018/01/01,"1721",2018-12-31,10.33,1991-01-01,2021-12-31,"506",49.664,11.2239,Gräfenberg-Kasberg,Bayern,"506",505.899993896484
"64",2019/01/01,"1721",2019-12-31,9.78,1991-01-01,2021-12-31,"506",49.664,11.2239,Gräfenberg-Kasberg,Bayern,"506",505.899993896484
"65",2017/01/01,"1735",2017-12-31,8.26,1958-01-01,2021-12-31,"628",48.7894,13.629,Grainet-Rehberg,Bayern,"628",628.299987792969
"66",2018/01/01,"1735",2018-12-31,9.53,1958-01-01,2021-12-31,"628",48.7894,13.629,Grainet-Rehberg,Bayern,"628",628.299987792969
"67",2019/01/01,"1735",2019-12-31,9.17,1958-01-01,2021-12-31,"628",48.7894,13.629,Grainet-Rehberg,Bayern,"628",628.299987792969
"68",2017/01/01,"1832",2017-12-31,,1982-11-01,2021-12-31,"436",49.1129,13.1338,Großer Arber,Bayern,"436",1433.20007324219
"69",2018/01/01,"1832",2018-12-31,5.05,1982-11-01,2021-12-31,"436",49.1129,13.1338,Großer Arber,Bayern,"436",1433.20007324219
"70",2019/01/01,"1832",2019-12-31,4.94,1982-11-01,2021-12-31,"436",49.1129,13.1338,Großer Arber,Bayern,"436",1433.20007324219
"71",2017/01/01,"1886",2017-12-31,9.08,2016-09-01,2021-12-31,"444",48.4878,10.2608,Günzburg,Bayern,"444",443.399993896484
"72",2018/01/01,"1886",2018-12-31,10.03,2016-09-01,2021-12-31,"444",48.4878,10.2608,Günzburg,Bayern,"444",443.399993896484
"73",2019/01/01,"1886",2019-12-31,9.56,2016-09-01,2021-12-31,"444",48.4878,10.2608,Günzburg,Bayern,"444",443.399993896484
"74",2017/01/01,"2023",2017-12-31,9.26,1998-01-03,2021-12-31,"501",48.7918,10.7062,Harburg,Bayern,"501",498.700012207031
"75",2018/01/01,"2023",2018-12-31,10.38,1998-01-03,2021-12-31,"501",48.7918,10.7062,Harburg,Bayern,"501",498.700012207031
"76",2019/01/01,"2023",2019-12-31,9.97,1998-01-03,2021-12-31,"501",48.7918,10.7062,Harburg,Bayern,"501",498.700012207031
"77",2017/01/01,"2261",2017-12-31,8.18,1947-01-01,2022-02-28,"565",50.3123,11.876,Hof,Bayern,"565",565.100036621094
"78",2018/01/01,"2261",2018-12-31,9.14,1947-01-01,2022-02-28,"565",50.3123,11.876,Hof,Bayern,"565",565.100036621094
"79",2019/01/01,"2261",2019-12-31,9.03,1947-01-01,2022-02-28,"565",50.3123,11.876,Hof,Bayern,"565",565.100036621094
"80",2017/01/01,"2290",2017-12-31,8.02,1781-01-01,2021-12-31,"977",47.8009,11.0108,Hohenpeißenberg,Bayern,"977",971.100036621094
"81",2018/01/01,"2290",2018-12-31,8.94,1781-01-01,2021-12-31,"977",47.8009,11.0108,Hohenpeißenberg,Bayern,"977",971.100036621094
"82",2019/01/01,"2290",2019-12-31,8.68,1781-01-01,2021-12-31,"977",47.8009,11.0108,Hohenpeißenberg,Bayern,"977",971.100036621094
"83",2017/01/01,"2319",2017-12-31,8.72,1953-01-01,2021-12-31,"685",47.8823,11.6961,Holzkirchen,Bayern,"685",686.200012207031
"84",2018/01/01,"2319",2018-12-31,9.65,1953-01-01,2021-12-31,"685",47.8823,11.6961,Holzkirchen,Bayern,"685",686.200012207031
"85",2019/01/01,"2319",2019-12-31,9.2,1953-01-01,2021-12-31,"685",47.8823,11.6961,Holzkirchen,Bayern,"685",686.200012207031
"86",2017/01/01,"2410",2017-12-31,9.61,2017-01-01,2021-12-31,"364",48.7111,11.5363,Ingolstadt (Flugplatz),Bayern,"364",363.899993896484
"87",2019/01/01,"2410",2019-12-31,10.29,2017-01-01,2021-12-31,"364",48.7111,11.5363,Ingolstadt (Flugplatz),Bayern,"364",363.899993896484
"88",2017/01/01,"2480",2017-12-31,11.06,1896-01-01,2021-12-31,"108",50.0643,8.993,Kahl/Main,Bayern,"108",107.300003051758
"89",2018/01/01,"2480",2018-12-31,12.2,1896-01-01,2021-12-31,"108",50.0643,8.993,Kahl/Main,Bayern,"108",107.300003051758
"90",2019/01/01,"2480",2019-12-31,11.66,1896-01-01,2021-12-31,"108",50.0643,8.993,Kahl/Main,Bayern,"108",107.300003051758
"91",2017/01/01,"2559",2017-12-31,8.55,1881-01-01,2021-12-31,"705",47.7233,10.3348,Kempten,Bayern,"705",702.600036621094
"92",2018/01/01,"2559",2018-12-31,9.45,1881-01-01,2021-12-31,"705",47.7233,10.3348,Kempten,Bayern,"705",702.600036621094
"93",2019/01/01,"2559",2019-12-31,8.91,1881-01-01,2021-12-31,"705",47.7233,10.3348,Kempten,Bayern,"705",702.600036621094
"94",2017/01/01,"2597",2017-12-31,9.63,1881-01-01,2021-12-31,"282",50.224,10.0792,"Kissingen, Bad",Bayern,"282",281
"95",2018/01/01,"2597",2018-12-31,10.76,1881-01-01,2021-12-31,"282",50.224,10.0792,"Kissingen, Bad",Bayern,"282",281
"96",2019/01/01,"2597",2019-12-31,10.31,1881-01-01,2021-12-31,"282",50.224,10.0792,"Kissingen, Bad",Bayern,"282",281
"97",2017/01/01,"2600",2017-12-31,10.57,1941-01-01,2021-12-31,"193",49.7363,10.1781,Kitzingen,Bayern,"193",192.100006103516
"98",2018/01/01,"2600",2018-12-31,11.64,1941-01-01,2021-12-31,"193",49.7363,10.1781,Kitzingen,Bayern,"193",192.100006103516
"99",2019/01/01,"2600",2019-12-31,11.17,1941-01-01,2021-12-31,"193",49.7363,10.1781,Kitzingen,Bayern,"193",192.100006103516
"100",2017/01/01,"2680",2017-12-31,9.14,1948-01-01,2021-12-31,"289",50.284,10.4456,"Königshofen, Bad",Bayern,"289",288.5
"101",2018/01/01,"2680",2018-12-31,10.2,1948-01-01,2021-12-31,"289",50.284,10.4456,"Königshofen, Bad",Bayern,"289",288.5
"102",2019/01/01,"2680",2019-12-31,9.2,1948-01-01,2021-12-31,"289",50.284,10.4456,"Königshofen, Bad",Bayern,"289",288.5
"103",2017/01/01,"2700",2017-12-31,9.44,1947-01-01,2021-12-31,"416",48.8302,11.4872,Kösching,Bayern,"416",415.300018310547
"104",2018/01/01,"2700",2018-12-31,10.68,1947-01-01,2021-12-31,"416",48.8302,11.4872,Kösching,Bayern,"416",415.300018310547
"105",2019/01/01,"2700",2019-12-31,10.25,1947-01-01,2021-12-31,"416",48.8302,11.4872,Kösching,Bayern,"416",415.300018310547
"106",2017/01/01,"2708",2017-12-31,8.2,1991-08-01,2021-12-31,"742",47.6652,11.0805,"Kohlgrub, Bad (Rosshof)",Bayern,"742",737.600036621094
"107",2018/01/01,"2708",2018-12-31,9.08,1991-08-01,2021-12-31,"742",47.6652,11.0805,"Kohlgrub, Bad (Rosshof)",Bayern,"742",737.600036621094
"108",2019/01/01,"2708",2019-12-31,8.77,1991-08-01,2021-12-31,"742",47.6652,11.0805,"Kohlgrub, Bad (Rosshof)",Bayern,"742",737.600036621094
"109",2017/01/01,"2750",2017-12-31,8.95,1949-01-01,2021-12-31,"310",50.2524,11.3209,Kronach,Bayern,"310",310.100006103516
"110",2018/01/01,"2750",2018-12-31,10,1949-01-01,2021-12-31,"310",50.2524,11.3209,Kronach,Bayern,"310",310.100006103516
"111",2019/01/01,"2750",2019-12-31,9.69,1949-01-01,2021-12-31,"310",50.2524,11.3209,Kronach,Bayern,"310",310.100006103516
"112",2018/01/01,"2773",2018-12-31,10.01,2001-01-01,2021-12-31,"415",49.4283,11.9016,Kümmersbruck,Bayern,"415",414.899993896484
"113",2018/01/01,"2905",2018-12-31,9.81,2001-01-01,2021-12-31,"550",48.1849,10.8507,Lechfeld,Bayern,"550",549.600036621094
"114",2017/01/01,"3244",2017-12-31,8.67,1940-01-01,2021-12-31,"614",47.9821,10.1384,Memmingen,Bayern,"614",613.400024414062
"115",2018/01/01,"3244",2018-12-31,9.47,1940-01-01,2021-12-31,"614",47.9821,10.1384,Memmingen,Bayern,"614",613.400024414062
"116",2019/01/01,"3244",2019-12-31,9.04,1940-01-01,2021-12-31,"614",47.9821,10.1384,Memmingen,Bayern,"614",613.400024414062
"117",2017/01/01,"3271",2017-12-31,9.02,1881-01-01,2021-12-31,"314",48.8548,12.9189,Metten,Bayern,"314",314.399993896484
"118",2018/01/01,"3271",2018-12-31,10.53,1881-01-01,2021-12-31,"314",48.8548,12.9189,Metten,Bayern,"314",314.399993896484
"119",2019/01/01,"3271",2019-12-31,10.07,1881-01-01,2021-12-31,"314",48.8548,12.9189,Metten,Bayern,"314",314.399993896484
"120",2017/01/01,"3307",2017-12-31,7.06,1890-01-01,2021-12-31,"984",47.4779,11.2653,Mittenwald-Buckelwiesen,Bayern,"984",984.100036621094
"121",2019/01/01,"3307",2019-12-31,7.64,1890-01-01,2021-12-31,"984",47.4779,11.2653,Mittenwald-Buckelwiesen,Bayern,"984",984.100036621094
"122",2017/01/01,"3319",2017-12-31,10.14,2006-09-01,2021-12-31,"239",49.7644,9.253,Röllbach,Bayern,"239",237
"123",2018/01/01,"3319",2018-12-31,11.22,2006-09-01,2021-12-31,"239",49.7644,9.253,Röllbach,Bayern,"239",237
"124",2019/01/01,"3319",2019-12-31,10.63,2006-09-01,2021-12-31,"239",49.7644,9.253,Röllbach,Bayern,"239",237
"125",2017/01/01,"3366",2017-12-31,9.14,1953-01-01,2021-12-31,"406",48.279,12.5024,Mühldorf,Bayern,"406",405.600006103516
"126",2018/01/01,"3366",2018-12-31,10.19,1953-01-01,2021-12-31,"406",48.279,12.5024,Mühldorf,Bayern,"406",405.600006103516
"127",2019/01/01,"3366",2019-12-31,9.69,1953-01-01,2021-12-31,"406",48.279,12.5024,Mühldorf,Bayern,"406",405.600006103516
"128",2017/01/01,"3379",2017-12-31,10.4,1954-06-01,2021-12-31,"515",48.1632,11.5429,München-Stadt,Bayern,"515",514.900024414062
"129",2018/01/01,"3379",2018-12-31,11.31,1954-06-01,2021-12-31,"515",48.1632,11.5429,München-Stadt,Bayern,"515",514.900024414062
"130",2019/01/01,"3379",2019-12-31,10.97,1954-06-01,2021-12-31,"515",48.1632,11.5429,München-Stadt,Bayern,"515",514.900024414062
"131",2018/01/01,"3484",2018-12-31,10.57,2002-01-01,2021-12-31,"380",48.7085,11.2147,Neuburg/Donau (Flugplatz),Bayern,"380",378.800018310547
"132",2019/01/01,"3484",2019-12-31,10.17,2002-01-01,2021-12-31,"380",48.7085,11.2147,Neuburg/Donau (Flugplatz),Bayern,"380",378.800018310547
"133",2017/01/01,"3485",2017-12-31,9.2,1991-06-01,2021-12-31,"486",48.3115,10.3773,Neuburg/Kammel-Langenhaslach,Bayern,"486",486.399993896484
"134",2018/01/01,"3485",2018-12-31,10.05,1991-06-01,2021-12-31,"486",48.3115,10.3773,Neuburg/Kammel-Langenhaslach,Bayern,"486",486.399993896484
"135",2019/01/01,"3485",2019-12-31,9.57,1991-06-01,2021-12-31,"486",48.3115,10.3773,Neuburg/Kammel-Langenhaslach,Bayern,"486",486.399993896484
"136",2017/01/01,"3571",2017-12-31,8.43,2008-03-01,2021-12-31,"452",49.8174,11.8638,Neustadt am Kulm-Filchendorf,Bayern,"452",450.600006103516
"137",2018/01/01,"3571",2018-12-31,9.66,2008-03-01,2021-12-31,"452",49.8174,11.8638,Neustadt am Kulm-Filchendorf,Bayern,"452",450.600006103516
"138",2019/01/01,"3571",2019-12-31,9.2,2008-03-01,2021-12-31,"452",49.8174,11.8638,Neustadt am Kulm-Filchendorf,Bayern,"452",450.600006103516
"139",2017/01/01,"3621",2017-12-31,9.54,1900-01-01,2021-12-31,"435",48.8253,10.5067,Reimlingen,Bayern,"435",434
"140",2018/01/01,"3621",2018-12-31,10.5,1900-01-01,2021-12-31,"435",48.8253,10.5067,Reimlingen,Bayern,"435",434
"141",2019/01/01,"3621",2019-12-31,10.14,1900-01-01,2021-12-31,"435",48.8253,10.5067,Reimlingen,Bayern,"435",434
"142",2017/01/01,"3667",2017-12-31,8.92,1975-01-01,2021-12-31,"369",49.4258,11.2539,Nürnberg-Netzstall,Bayern,"369",368.899993896484
"143",2018/01/01,"3667",2018-12-31,10.16,1975-01-01,2021-12-31,"369",49.4258,11.2539,Nürnberg-Netzstall,Bayern,"369",368.899993896484
"144",2019/01/01,"3667",2019-12-31,9.54,1975-01-01,2021-12-31,"369",49.4258,11.2539,Nürnberg-Netzstall,Bayern,"369",368.899993896484
"145",2017/01/01,"3668",2017-12-31,10.04,1879-01-01,2021-12-31,"314",49.503,11.0549,Nürnberg,Bayern,"314",313.600006103516
"146",2018/01/01,"3668",2018-12-31,11.2,1879-01-01,2021-12-31,"314",49.503,11.0549,Nürnberg,Bayern,"314",313.600006103516
"147",2019/01/01,"3668",2019-12-31,10.66,1879-01-01,2021-12-31,"314",49.503,11.0549,Nürnberg,Bayern,"314",313.600006103516
"148",2017/01/01,"3679",2017-12-31,8.71,1937-01-01,2021-12-31,"518",47.6187,12.1665,Kiefersfelden-Gach,Bayern,"518",519.100036621094
"149",2018/01/01,"3679",2018-12-31,9.92,1937-01-01,2021-12-31,"518",47.6187,12.1665,Kiefersfelden-Gach,Bayern,"518",519.100036621094
"150",2019/01/01,"3679",2019-12-31,9.4,1937-01-01,2021-12-31,"518",47.6187,12.1665,Kiefersfelden-Gach,Bayern,"518",519.100036621094
"151",2017/01/01,"3730",2017-12-31,7.19,1886-01-01,2021-12-31,"806",47.3984,10.2759,Oberstdorf,Bayern,"806",805.600036621094
"152",2018/01/01,"3730",2018-12-31,8.2,1886-01-01,2021-12-31,"806",47.3984,10.2759,Oberstdorf,Bayern,"806",805.600036621094
"153",2019/01/01,"3730",2019-12-31,7.66,1886-01-01,2021-12-31,"806",47.3984,10.2759,Oberstdorf,Bayern,"806",805.600036621094
"154",2017/01/01,"3739",2017-12-31,8.17,1948-10-01,2021-12-31,"596",49.4521,12.4365,Oberviechtach,Bayern,"596",597.200012207031
"155",2018/01/01,"3739",2018-12-31,9.36,1948-10-01,2021-12-31,"596",49.4521,12.4365,Oberviechtach,Bayern,"596",597.200012207031
"156",2019/01/01,"3739",2019-12-31,9.19,1948-10-01,2021-12-31,"596",49.4521,12.4365,Oberviechtach,Bayern,"596",597.200012207031
"157",2017/01/01,"3836",2017-12-31,8.82,1972-05-01,2021-12-31,"314",50.4538,10.2211,Ostheim v.d. Rhön,Bayern,"314",312.600006103516
"158",2018/01/01,"3836",2018-12-31,9.94,1972-05-01,2021-12-31,"314",50.4538,10.2211,Ostheim v.d. Rhön,Bayern,"314",312.600006103516
"159",2019/01/01,"3836",2019-12-31,9.56,1972-05-01,2021-12-31,"314",50.4538,10.2211,Ostheim v.d. Rhön,Bayern,"314",312.600006103516
"160",2017/01/01,"3857",2017-12-31,7.73,1993-10-01,2021-12-31,"886",47.6362,10.3892,Oy-Mittelberg-Petersthal,Bayern,"886",885.200012207031
"161",2018/01/01,"3857",2018-12-31,8.62,1993-10-01,2021-12-31,"886",47.6362,10.3892,Oy-Mittelberg-Petersthal,Bayern,"886",885.200012207031
"162",2019/01/01,"3857",2019-12-31,8.18,1993-10-01,2021-12-31,"886",47.6362,10.3892,Oy-Mittelberg-Petersthal,Bayern,"886",885.200012207031
"163",2017/01/01,"3875",2017-12-31,8.79,1950-01-01,2021-12-31,"549",49.151,11.6896,Parsberg/Oberpfalz-Eglwang,Bayern,"549",547.299987792969
"164",2018/01/01,"3875",2018-12-31,9.83,1950-01-01,2021-12-31,"549",49.151,11.6896,Parsberg/Oberpfalz-Eglwang,Bayern,"549",547.299987792969
"165",2019/01/01,"3875",2019-12-31,9.56,1950-01-01,2021-12-31,"549",49.151,11.6896,Parsberg/Oberpfalz-Eglwang,Bayern,"549",547.299987792969
"166",2017/01/01,"3975",2017-12-31,8.6,1950-01-01,2021-12-31,"522",49.4777,11.5357,Pommelsbrunn-Mittelburg,Bayern,"522",520.799987792969
"167",2018/01/01,"3975",2018-12-31,9.82,1950-01-01,2021-12-31,"522",49.4777,11.5357,Pommelsbrunn-Mittelburg,Bayern,"522",520.799987792969
"168",2019/01/01,"3975",2019-12-31,9.55,1950-01-01,2021-12-31,"522",49.4777,11.5357,Pommelsbrunn-Mittelburg,Bayern,"522",520.799987792969
"169",2017/01/01,"4104",2017-12-31,9.68,1879-01-01,2021-12-31,"365",49.0425,12.1019,Regensburg,Bayern,"365",360.800018310547
"170",2018/01/01,"4104",2018-12-31,10.8,1879-01-01,2021-12-31,"365",49.0425,12.1019,Regensburg,Bayern,"365",360.800018310547
"171",2019/01/01,"4104",2019-12-31,10.45,1879-01-01,2021-12-31,"365",49.0425,12.1019,Regensburg,Bayern,"365",360.800018310547
"172",2017/01/01,"4261",2017-12-31,9.48,1881-01-01,2021-12-31,"442",47.8753,12.128,Rosenheim,Bayern,"442",441.899993896484
"173",2018/01/01,"4261",2018-12-31,10.48,1881-01-01,2021-12-31,"442",47.8753,12.128,Rosenheim,Bayern,"442",441.899993896484
"174",2019/01/01,"4261",2019-12-31,10.16,1881-01-01,2021-12-31,"442",47.8753,12.128,Rosenheim,Bayern,"442",441.899993896484
"175",2018/01/01,"4280",2018-12-31,10.47,2002-01-01,2021-12-31,"386",49.2162,11.1035,Roth,Bayern,"386",385.399993896484
"176",2019/01/01,"4280",2019-12-31,10.21,2002-01-01,2021-12-31,"386",49.2162,11.1035,Roth,Bayern,"386",385.399993896484
"177",2017/01/01,"4287",2017-12-31,9.55,1947-06-08,2021-12-31,"415",49.3848,10.1732,Rothenburg ob der Tauber,Bayern,"415",414.399993896484
"178",2018/01/01,"4287",2018-12-31,10.67,1947-06-08,2021-12-31,"415",49.3848,10.1732,Rothenburg ob der Tauber,Bayern,"415",414.399993896484
"179",2019/01/01,"4287",2019-12-31,10.27,1947-06-08,2021-12-31,"415",49.3848,10.1732,Rothenburg ob der Tauber,Bayern,"415",414.399993896484
"180",2017/01/01,"4354",2017-12-31,8.49,1985-09-01,2021-12-31,"457",48.7832,13.3146,Saldenburg-Entschenreuth,Bayern,"457",454.800018310547
"181",2018/01/01,"4354",2018-12-31,9.83,1985-09-01,2021-12-31,"457",48.7832,13.3146,Saldenburg-Entschenreuth,Bayern,"457",454.800018310547
"182",2019/01/01,"4354",2019-12-31,9.44,1985-09-01,2021-12-31,"457",48.7832,13.3146,Saldenburg-Entschenreuth,Bayern,"457",454.800018310547
"183",2017/01/01,"4377",2017-12-31,8.9,1965-01-01,2021-12-31,"518",50.3518,10.0034,Sandberg,Bayern,"518",517.799987792969
"184",2018/01/01,"4377",2018-12-31,10.2,1965-01-01,2021-12-31,"518",50.3518,10.0034,Sandberg,Bayern,"518",517.799987792969
"185",2019/01/01,"4377",2019-12-31,9.78,1965-01-01,2021-12-31,"518",50.3518,10.0034,Sandberg,Bayern,"518",517.799987792969
"186",2017/01/01,"4548",2017-12-31,7.54,2007-07-01,2021-12-31,"608",50.1847,12.0791,Schönwald/Ofr.-Brunn,Bayern,"608",607.900024414062
"187",2018/01/01,"4548",2018-12-31,8.42,2007-07-01,2021-12-31,"608",50.1847,12.0791,Schönwald/Ofr.-Brunn,Bayern,"608",607.900024414062
"188",2017/01/01,"4559",2017-12-31,8.59,1996-05-01,2021-12-31,"398",49.1644,12.6175,Schorndorf-Knöbling,Bayern,"398",400.300018310547
"189",2018/01/01,"4559",2018-12-31,9.47,1996-05-01,2021-12-31,"398",49.1644,12.6175,Schorndorf-Knöbling,Bayern,"398",400.300018310547
"190",2019/01/01,"4559",2019-12-31,9.39,1996-05-01,2021-12-31,"398",49.1644,12.6175,Schorndorf-Knöbling,Bayern,"398",400.300018310547
"191",2017/01/01,"4592",2017-12-31,9.46,1949-01-01,2021-12-31,"356",49.3278,12.0871,Schwandorf,Bayern,"356",356.100006103516
"192",2018/01/01,"4592",2018-12-31,10.5,1949-01-01,2021-12-31,"356",49.3278,12.0871,Schwandorf,Bayern,"356",356.100006103516
"193",2019/01/01,"4592",2019-12-31,10.22,1949-01-01,2021-12-31,"356",49.3278,12.0871,Schwandorf,Bayern,"356",356.100006103516
"194",2017/01/01,"4704",2017-12-31,9.69,1988-05-01,2021-12-31,"508",47.5776,9.7404,Sigmarszell-Zeisertsweiler,Bayern,"508",508.700012207031
"195",2018/01/01,"4704",2018-12-31,10.69,1988-05-01,2021-12-31,"508",47.5776,9.7404,Sigmarszell-Zeisertsweiler,Bayern,"508",508.700012207031
"196",2019/01/01,"4704",2019-12-31,10.14,1988-05-01,2021-12-31,"508",47.5776,9.7404,Sigmarszell-Zeisertsweiler,Bayern,"508",508.700012207031
"197",2017/01/01,"4706",2017-12-31,9.62,1981-01-01,2021-12-31,"358",48.2718,13.0273,Simbach/Inn,Bayern,"358",357.600006103516
"198",2018/01/01,"4706",2018-12-31,10.85,1981-01-01,2021-12-31,"358",48.2718,13.0273,Simbach/Inn,Bayern,"358",357.600006103516
"199",2019/01/01,"4706",2019-12-31,10.3,1981-01-01,2021-12-31,"358",48.2718,13.0273,Simbach/Inn,Bayern,"358",357.600006103516
"200",2017/01/01,"4911",2017-12-31,9.48,1883-01-01,2021-12-31,"351",48.8275,12.5597,Straubing,Bayern,"351",350.399993896484
"201",2018/01/01,"4911",2018-12-31,10.79,1883-01-01,2021-12-31,"351",48.8275,12.5597,Straubing,Bayern,"351",350.399993896484
"202",2019/01/01,"4911",2019-12-31,10.28,1883-01-01,2021-12-31,"351",48.8275,12.5597,Straubing,Bayern,"351",350.399993896484
"203",2017/01/01,"5017",2017-12-31,7.51,1948-01-01,2021-12-31,"633",50.4002,11.3888,Teuschnitz,Bayern,"633",633.400024414062
"204",2018/01/01,"5017",2018-12-31,8.65,1948-01-01,2021-12-31,"633",50.4002,11.3888,Teuschnitz,Bayern,"633",633.400024414062
"205",2019/01/01,"5017",2019-12-31,8.49,1948-01-01,2021-12-31,"633",50.4002,11.3888,Teuschnitz,Bayern,"633",633.400024414062
"206",2017/01/01,"5046",2017-12-31,8.04,1967-01-01,2021-12-31,"501",49.8576,12.3542,Tirschenreuth-Lodermühl,Bayern,"501",499.899993896484
"207",2018/01/01,"5046",2018-12-31,9.16,1967-01-01,2021-12-31,"501",49.8576,12.3542,Tirschenreuth-Lodermühl,Bayern,"501",499.899993896484
"208",2019/01/01,"5046",2019-12-31,8.86,1967-01-01,2021-12-31,"501",49.8576,12.3542,Tirschenreuth-Lodermühl,Bayern,"501",499.899993896484
"209",2017/01/01,"5111",2017-12-31,9.18,1915-01-01,2021-12-31,"560",48.0311,12.5396,Trostberg,Bayern,"560",558.200012207031
"210",2018/01/01,"5111",2018-12-31,10.22,1915-01-01,2021-12-31,"560",48.0311,12.5396,Trostberg,Bayern,"560",558.200012207031
"211",2019/01/01,"5111",2019-12-31,9.92,1915-01-01,2021-12-31,"560",48.0311,12.5396,Trostberg,Bayern,"560",558.200012207031
"212",2017/01/01,"5149",2017-12-31,9.84,1937-01-01,2021-12-31,"306",49.5741,10.1915,Gollhofen,Bayern,"306",306.700012207031
"213",2018/01/01,"5149",2018-12-31,10.91,1937-01-01,2021-12-31,"306",49.5741,10.1915,Gollhofen,Bayern,"306",306.700012207031
"214",2019/01/01,"5149",2019-12-31,10.46,1937-01-01,2021-12-31,"306",49.5741,10.1915,Gollhofen,Bayern,"306",306.700012207031
"215",2017/01/01,"5397",2017-12-31,9.07,1881-01-01,2021-12-31,"440",49.6662,12.1844,Weiden,Bayern,"440",438
"216",2018/01/01,"5397",2018-12-31,10.16,1881-01-01,2021-12-31,"440",49.6662,12.1844,Weiden,Bayern,"440",438
"217",2019/01/01,"5397",2019-12-31,9.72,1881-01-01,2021-12-31,"440",49.6662,12.1844,Weiden,Bayern,"440",438
"218",2017/01/01,"5404",2017-12-31,9.13,1885-01-01,2021-12-31,"477",48.4024,11.6946,Weihenstephan-Dürnast,Bayern,"477",475.399993896484
"219",2018/01/01,"5404",2018-12-31,10.15,1885-01-01,2021-12-31,"477",48.4024,11.6946,Weihenstephan-Dürnast,Bayern,"477",475.399993896484
"220",2019/01/01,"5404",2019-12-31,9.72,1885-01-01,2021-12-31,"477",48.4024,11.6946,Weihenstephan-Dürnast,Bayern,"477",475.399993896484
"221",2017/01/01,"5440",2017-12-31,9.5,1879-01-01,2021-12-31,"439",49.0115,10.9308,Weißenburg-Emetzheim,Bayern,"439",439.300018310547
"222",2018/01/01,"5440",2018-12-31,10.41,1879-01-01,2021-12-31,"439",49.0115,10.9308,Weißenburg-Emetzheim,Bayern,"439",439.300018310547
"223",2019/01/01,"5440",2019-12-31,10.05,1879-01-01,2021-12-31,"439",49.0115,10.9308,Weißenburg-Emetzheim,Bayern,"439",439.300018310547
"224",2017/01/01,"5538",2017-12-31,9.01,1999-02-01,2021-12-31,"551",47.8827,11.1576,Wielenbach (Demollstr.),Bayern,"551",550.400024414062
"225",2019/01/01,"5538",2019-12-31,9.46,1999-02-01,2021-12-31,"551",47.8827,11.1576,Wielenbach (Demollstr.),Bayern,"551",550.400024414062
"226",2017/01/01,"5705",2017-12-31,10.36,1881-01-01,2021-12-31,"268",49.7704,9.9576,Würzburg,Bayern,"268",268.100006103516
"227",2018/01/01,"5705",2018-12-31,11.66,1881-01-01,2021-12-31,"268",49.7704,9.9576,Würzburg,Bayern,"268",268.100006103516
"228",2019/01/01,"5705",2019-12-31,11.17,1881-01-01,2021-12-31,"268",49.7704,9.9576,Würzburg,Bayern,"268",268.100006103516
"229",2017/01/01,"5792",2017-12-31,-3.86,1900-08-01,2021-12-31,"965",47.421,10.9848,Zugspitze,Bayern,"965",2943.40014648438
"230",2018/01/01,"5792",2018-12-31,-3,1900-08-01,2021-12-31,"965",47.421,10.9848,Zugspitze,Bayern,"965",2943.40014648438
"231",2019/01/01,"5792",2019-12-31,-3.2,1900-08-01,2021-12-31,"965",47.421,10.9848,Zugspitze,Bayern,"965",2943.40014648438
"232",2017/01/01,"5800",2017-12-31,7.75,1998-01-01,2021-12-31,"615",49.028,13.2385,Zwiesel,Bayern,"615",614.799987792969
"233",2018/01/01,"5800",2018-12-31,8.72,1998-01-01,2021-12-31,"615",49.028,13.2385,Zwiesel,Bayern,"615",614.799987792969
"234",2019/01/01,"5800",2019-12-31,8.41,1998-01-01,2021-12-31,"615",49.028,13.2385,Zwiesel,Bayern,"615",614.799987792969
"235",2017/01/01,"5856",2017-12-31,9.09,1997-01-03,2021-12-31,"476",48.5451,13.3532,Fürstenzell,Bayern,"476",476.800018310547
"236",2018/01/01,"5856",2018-12-31,10.48,1997-01-03,2021-12-31,"476",48.5451,13.3532,Fürstenzell,Bayern,"476",476.800018310547
"237",2019/01/01,"5856",2019-12-31,10.01,1997-01-03,2021-12-31,"476",48.5451,13.3532,Fürstenzell,Bayern,"476",476.800018310547
"238",2017/01/01,"5941",2017-12-31,7.54,1938-01-01,2021-12-31,"686",47.6754,12.4698,Reit im Winkl,Bayern,"686",685.700012207031
"239",2018/01/01,"5941",2018-12-31,8.61,1938-01-01,2021-12-31,"686",47.6754,12.4698,Reit im Winkl,Bayern,"686",685.700012207031
"240",2019/01/01,"5941",2019-12-31,8.17,1938-01-01,2021-12-31,"686",47.6754,12.4698,Reit im Winkl,Bayern,"686",685.700012207031
"241",2017/01/01,"6158",2017-12-31,8.86,1999-07-01,2021-12-31,"454",49.2249,10.6085,Weidenbach-Weiherschneidbach,Bayern,"454",454.300018310547
"242",2018/01/01,"6158",2018-12-31,9.97,1999-07-01,2021-12-31,"454",49.2249,10.6085,Weidenbach-Weiherschneidbach,Bayern,"454",454.300018310547
"243",2019/01/01,"6158",2019-12-31,9.48,1999-07-01,2021-12-31,"454",49.2249,10.6085,Weidenbach-Weiherschneidbach,Bayern,"454",454.300018310547
"244",2017/01/01,"6336",2017-12-31,9.48,2005-11-01,2021-12-31,"288",50.0132,9.654,Lohr/Main-Halsbach,Bayern,"288",288
"245",2018/01/01,"6336",2018-12-31,10.62,2005-11-01,2021-12-31,"288",50.0132,9.654,Lohr/Main-Halsbach,Bayern,"288",288
"246",2019/01/01,"6336",2019-12-31,10.12,2005-11-01,2021-12-31,"288",50.0132,9.654,Lohr/Main-Halsbach,Bayern,"288",288
"247",2017/01/01,"6346",2017-12-31,9.2,2005-02-01,2021-12-31,"531",48.207,11.2035,Maisach-Galgen,Bayern,"531",530.900024414062
"248",2018/01/01,"6346",2018-12-31,10.04,2005-02-01,2021-12-31,"531",48.207,11.2035,Maisach-Galgen,Bayern,"531",530.900024414062
"249",2019/01/01,"6346",2019-12-31,9.78,2005-02-01,2021-12-31,"531",48.207,11.2035,Maisach-Galgen,Bayern,"531",530.900024414062
"250",2017/01/01,"6347",2017-12-31,9.79,2005-03-01,2021-12-31,"305",50.0579,10.2972,Schonungen-Mainberg,Bayern,"305",304.200012207031
"251",2018/01/01,"6347",2018-12-31,11.05,2005-03-01,2021-12-31,"305",50.0579,10.2972,Schonungen-Mainberg,Bayern,"305",304.200012207031
"252",2019/01/01,"6347",2019-12-31,10.66,2005-03-01,2021-12-31,"305",50.0579,10.2972,Schonungen-Mainberg,Bayern,"305",304.200012207031
"253",2017/01/01,"7075",2017-12-31,9.3,2005-02-01,2021-12-31,"429",48.702,11.8493,Elsendorf-Horneck,Bayern,"429",429.100006103516
"254",2018/01/01,"7075",2018-12-31,10.36,2005-02-01,2021-12-31,"429",48.702,11.8493,Elsendorf-Horneck,Bayern,"429",429.100006103516
"255",2019/01/01,"7075",2019-12-31,9.96,2005-02-01,2021-12-31,"429",48.702,11.8493,Elsendorf-Horneck,Bayern,"429",429.100006103516
"256",2017/01/01,"7105",2017-12-31,8.49,2005-06-01,2021-12-31,"719",47.835,12.6548,Siegsdorf-Höll,Bayern,"719",718.700012207031
"257",2018/01/01,"7105",2018-12-31,9.44,2005-06-01,2021-12-31,"719",47.835,12.6548,Siegsdorf-Höll,Bayern,"719",718.700012207031
"258",2019/01/01,"7105",2019-12-31,9.26,2005-06-01,2021-12-31,"719",47.835,12.6548,Siegsdorf-Höll,Bayern,"719",718.700012207031
"259",2019/01/01,"7319",2019-12-31,9.86,2005-03-01,2021-12-31,"435",48.7374,10.7393,Donauwörth-Osterweiler,Bayern,"435",434.5
"260",2017/01/01,"7350",2017-12-31,8.26,2006-08-01,2021-12-31,"585",49.1088,12.8231,Prackenbach-Neuhäusl,Bayern,"585",584.700012207031
"261",2018/01/01,"7350",2018-12-31,9.35,2006-08-01,2021-12-31,"585",49.1088,12.8231,Prackenbach-Neuhäusl,Bayern,"585",584.700012207031
"262",2019/01/01,"7350",2019-12-31,9.23,2006-08-01,2021-12-31,"585",49.1088,12.8231,Prackenbach-Neuhäusl,Bayern,"585",584.700012207031
"263",2017/01/01,"7369",2017-12-31,8.85,2007-11-01,2021-12-31,"475",49.1623,10.3661,Feuchtwangen-Heilbronn,Bayern,"475",475.700012207031
"264",2018/01/01,"7369",2018-12-31,9.85,2007-11-01,2021-12-31,"475",49.1623,10.3661,Feuchtwangen-Heilbronn,Bayern,"475",475.700012207031
"265",2019/01/01,"7369",2019-12-31,9.42,2007-11-01,2021-12-31,"475",49.1623,10.3661,Feuchtwangen-Heilbronn,Bayern,"475",475.700012207031
"266",2017/01/01,"7370",2017-12-31,8.26,2006-12-11,2021-12-31,"499",49.391,12.6838,Waldmünchen,Bayern,"499",498.399993896484
"267",2018/01/01,"7370",2018-12-31,9.32,2006-12-11,2021-12-31,"499",49.391,12.6838,Waldmünchen,Bayern,"499",498.399993896484
"268",2019/01/01,"7370",2019-12-31,9.05,2006-12-11,2021-12-31,"499",49.391,12.6838,Waldmünchen,Bayern,"499",498.399993896484
"269",2017/01/01,"7394",2017-12-31,7.69,2006-06-01,2021-12-31,"622",50.0315,11.9745,Wunsiedel-Schönbrunn,Bayern,"622",622.100036621094
"270",2018/01/01,"7394",2018-12-31,8.72,2006-06-01,2021-12-31,"622",50.0315,11.9745,Wunsiedel-Schönbrunn,Bayern,"622",622.100036621094
"271",2019/01/01,"7394",2019-12-31,8.59,2006-06-01,2021-12-31,"622",50.0315,11.9745,Wunsiedel-Schönbrunn,Bayern,"622",622.100036621094
"272",2017/01/01,"7395",2017-12-31,9.36,2007-12-01,2021-12-31,"351",48.6595,12.5388,Gottfrieding,Bayern,"351",350.5
"273",2018/01/01,"7395",2018-12-31,10.61,2007-12-01,2021-12-31,"351",48.6595,12.5388,Gottfrieding,Bayern,"351",350.5
"274",2019/01/01,"7395",2019-12-31,10.06,2007-12-01,2021-12-31,"351",48.6595,12.5388,Gottfrieding,Bayern,"351",350.5
"275",2017/01/01,"7412",2017-12-31,8.98,2006-10-01,2021-12-31,"340",50.0083,9.4238,Neuhütten/Spessart,Bayern,"340",339.600006103516
"276",2018/01/01,"7412",2018-12-31,10.04,2006-10-01,2021-12-31,"340",50.0083,9.4238,Neuhütten/Spessart,Bayern,"340",339.600006103516
"277",2019/01/01,"7412",2019-12-31,9.64,2006-10-01,2021-12-31,"340",50.0083,9.4238,Neuhütten/Spessart,Bayern,"340",339.600006103516
"278",2017/01/01,"7424",2017-12-31,8.94,2006-12-01,2021-12-31,"457",47.7724,12.9073,Piding,Bayern,"457",456
"279",2018/01/01,"7424",2018-12-31,9.91,2006-12-01,2021-12-31,"457",47.7724,12.9073,Piding,Bayern,"457",456
"280",2019/01/01,"7424",2019-12-31,9.69,2006-12-01,2021-12-31,"457",47.7724,12.9073,Piding,Bayern,"457",456
"281",2017/01/01,"7431",2017-12-31,8.72,2007-11-01,2021-12-31,"604",48.013,11.5524,Oberhaching-Laufzorn,Bayern,"604",603.600036621094
"282",2018/01/01,"7431",2018-12-31,9.6,2007-11-01,2021-12-31,"604",48.013,11.5524,Oberhaching-Laufzorn,Bayern,"604",603.600036621094
"283",2019/01/01,"7431",2019-12-31,9.06,2007-11-01,2021-12-31,"604",48.013,11.5524,Oberhaching-Laufzorn,Bayern,"604",603.600036621094
"284",2017/01/01,"13710",2017-12-31,9.58,2008-04-01,2021-12-31,"490",48.5734,12.2576,Landshut-Reithof,Bayern,"490",489.399993896484
"285",2018/01/01,"13710",2018-12-31,10.61,2008-04-01,2021-12-31,"490",48.5734,12.2576,Landshut-Reithof,Bayern,"490",489.399993896484
"286",2019/01/01,"13710",2019-12-31,10.33,2008-04-01,2021-12-31,"490",48.5734,12.2576,Landshut-Reithof,Bayern,"490",489.399993896484
"287",2017/01/01,"15555",2017-12-31,8.51,2016-05-01,2021-12-31,"815",47.8761,10.5849,Kaufbeuren-Oberbeuren,Bayern,"815",814.900024414062
"288",2018/01/01,"15555",2018-12-31,9.42,2016-05-01,2021-12-31,"815",47.8761,10.5849,Kaufbeuren-Oberbeuren,Bayern,"815",814.900024414062
"289",2019/01/01,"15555",2019-12-31,8.99,2016-05-01,2021-12-31,"815",47.8761,10.5849,Kaufbeuren-Oberbeuren,Bayern,"815",814.900024414062
