time;stations_id;mess_datum_ende;qn_4;ja_n;ja_tt;ja_tx;ja_tn;ja_fk;ja_sd_s;ja_mx_fx;ja_mx_tx;ja_mx_tn;qn_6;ja_rr;ja_mx_rs;eor;date_from;date_to;altitude;latitude;longitude;name;state
2017-01-01;73;2017-12-31;3.0;;9.38;14.82;4.5;;1886.75;;34.8;-20.9;9.0;746.4;19.2;eor;1953-01-01;2021-12-31;340;48.6159;13.0506;Aldersbach-Kriestorf;Bayern
2018-01-01;73;2018-12-31;3.0;;10.73;16.51;5.6;;2066.69;;36.2;-14.0;9.0;613.0;31.7;eor;1953-01-01;2021-12-31;340;48.6159;13.0506;Aldersbach-Kriestorf;Bayern
2019-01-01;73;2019-12-31;3.0;;10.16;15.88;5.07;;;;35.7;-13.4;;;;eor;1953-01-01;2021-12-31;340;48.6159;13.0506;Aldersbach-Kriestorf;Bayern
2017-01-01;142;2017-12-31;3.0;;9.19;13.99;4.67;;;;33.4;-20.3;9.0;841.1;41.8;eor;1955-01-01;2021-12-31;511;48.406;11.3117;Altomünster-Maisbrunn;Bayern
2018-01-01;142;2018-12-31;3.0;;10.16;15.08;5.63;;;;33.7;-15.9;;;;eor;1955-01-01;2021-12-31;511;48.406;11.3117;Altomünster-Maisbrunn;Bayern
2019-01-01;142;2019-12-31;3.0;;9.81;14.65;5.2;;;;35.0;-10.1;9.0;760.2;87.5;eor;1955-01-01;2021-12-31;511;48.406;11.3117;Altomünster-Maisbrunn;Bayern
2017-01-01;151;2017-12-31;3.0;;9.3;14.4;4.23;;;;35.3;-19.9;9.0;646.9;23.1;eor;1881-01-01;2021-12-31;382;49.4691;11.8546;Amberg-Unterammersricht;Bayern
2018-01-01;151;2018-12-31;3.0;;10.39;16.26;4.87;;;;36.7;-15.5;9.0;545.4;38.9;eor;1881-01-01;2021-12-31;382;49.4691;11.8546;Amberg-Unterammersricht;Bayern
2019-01-01;151;2019-12-31;3.0;;10.09;15.74;4.57;;;;37.9;-12.3;9.0;593.0;38.9;eor;1881-01-01;2021-12-31;382;49.4691;11.8546;Amberg-Unterammersricht;Bayern
2017-01-01;154;2017-12-31;3.0;;8.91;14.2;3.87;;1861.68;;32.7;-22.5;9.0;1017.3;37.1;eor;1994-01-01;2021-12-31;516;48.0197;12.2925;Amerang-Pfaffing;Bayern
2018-01-01;154;2018-12-31;3.0;;9.98;15.32;4.98;;2058.78;;34.1;-15.4;9.0;859.7;34.2;eor;1994-01-01;2021-12-31;516;48.0197;12.2925;Amerang-Pfaffing;Bayern
2019-01-01;154;2019-12-31;3.0;;9.57;14.95;4.36;;1980.55;;34.4;-12.8;;;;eor;1994-01-01;2021-12-31;516;48.0197;12.2925;Amerang-Pfaffing;Bayern
2017-01-01;191;2017-12-31;3.0;;9.61;14.9;4.46;;;;34.2;-15.3;9.0;677.0;37.2;eor;1884-01-01;2021-12-31;217;49.9694;9.9114;Arnstein-Müdesheim;Bayern
2018-01-01;191;2018-12-31;3.0;;10.58;16.56;4.89;;;;36.4;-12.2;9.0;522.9;36.3;eor;1884-01-01;2021-12-31;217;49.9694;9.9114;Arnstein-Müdesheim;Bayern
2019-01-01;191;2019-12-31;3.0;;10.19;15.94;4.53;;;;38.3;-11.6;9.0;567.4;29.6;eor;1884-01-01;2021-12-31;217;49.9694;9.9114;Arnstein-Müdesheim;Bayern
2017-01-01;217;2017-12-31;3.0;;8.94;13.67;4.49;;1902.9;;31.8;-18.3;9.0;1196.6;41.4;eor;1938-01-01;2021-12-31;670;47.8774;11.3643;Attenkam;Bayern
2018-01-01;217;2018-12-31;3.0;;9.86;14.71;5.32;;2173.48;;32.8;-16.4;9.0;919.9;35.2;eor;1938-01-01;2021-12-31;670;47.8774;11.3643;Attenkam;Bayern
2019-01-01;217;2019-12-31;3.0;;9.55;14.24;4.84;;1973.23;;33.7;-11.8;9.0;1152.4;88.3;eor;1938-01-01;2021-12-31;670;47.8774;11.3643;Attenkam;Bayern
2017-01-01;232;2017-12-31;3.0;;9.15;14.2;3.88;;1802.69;;33.2;-18.3;9.0;733.9;36.9;eor;1947-01-01;2021-12-31;462;48.4253;10.9417;Augsburg;Bayern
2018-01-01;232;2018-12-31;3.0;;10.05;15.36;4.63;;1992.89;;33.5;-18.0;9.0;647.7;30.9;eor;1947-01-01;2021-12-31;462;48.4253;10.9417;Augsburg;Bayern
2019-01-01;232;2019-12-31;3.0;;9.66;14.87;4.22;;1891.67;;34.6;-10.4;9.0;720.6;48.8;eor;1947-01-01;2021-12-31;462;48.4253;10.9417;Augsburg;Bayern
2017-01-01;282;2017-12-31;3.0;;9.53;14.97;3.89;;1592.02;;33.9;-19.1;9.0;698.5;25.8;eor;1949-01-01;2021-12-31;240;49.8743;10.9206;Bamberg;Bayern
2018-01-01;282;2018-12-31;3.0;;10.74;16.84;4.38;;1982.49;;37.9;-15.7;9.0;440.7;40.1;eor;1949-01-01;2021-12-31;240;49.8743;10.9206;Bamberg;Bayern
2019-01-01;282;2019-12-31;3.0;5.4;10.3;16.08;4.33;1.89;1818.55;24.6;38.2;-12.3;9.0;601.6;38.1;eor;1949-01-01;2021-12-31;240;49.8743;10.9206;Bamberg;Bayern
2017-01-01;320;2017-12-31;3.0;;9.08;14.15;3.92;;1535.2;;32.5;-21.8;9.0;751.5;21.9;eor;1851-01-01;2021-12-31;350;49.9666;11.5198;Heinersreuth-Vollhof;Bayern
2018-01-01;320;2018-12-31;3.0;;10.05;15.88;4.16;;2033.64;;36.4;-16.0;9.0;534.5;34.7;eor;1851-01-01;2021-12-31;350;49.9666;11.5198;Heinersreuth-Vollhof;Bayern
2019-01-01;320;2019-12-31;3.0;;9.68;15.34;3.84;;1882.7;;37.4;-12.0;9.0;599.0;35.3;eor;1851-01-01;2021-12-31;350;49.9666;11.5198;Heinersreuth-Vollhof;Bayern
2017-01-01;856;2017-12-31;3.0;5.15;9.37;13.97;4.84;2.39;1843.96;29.8;32.8;-18.3;9.0;1136.7;30.1;eor;1998-01-01;2021-12-31;551;47.8843;12.5404;Chieming;Bayern
2018-01-01;856;2018-12-31;3.0;;10.31;15.06;5.61;2.3;;24.5;32.1;-18.0;;;;eor;1998-01-01;2021-12-31;551;47.8843;12.5404;Chieming;Bayern
2019-01-01;856;2019-12-31;3.0;;9.95;14.72;5.06;;1870.28;;33.7;-14.0;9.0;1131.1;50.8;eor;1998-01-01;2021-12-31;551;47.8843;12.5404;Chieming;Bayern
2018-01-01;867;2018-12-31;3.0;;10.45;15.32;5.54;;1967.26;;35.5;-13.0;9.0;445.6;21.5;eor;1883-01-01;2021-12-31;344;50.3066;10.9679;Lautertal-Oberlauter;Bayern
2019-01-01;867;2019-12-31;3.0;;9.95;14.69;5.16;;1778.7;;37.8;-11.1;9.0;622.5;26.4;eor;1883-01-01;2021-12-31;344;50.3066;10.9679;Lautertal-Oberlauter;Bayern
2017-01-01;983;2017-12-31;3.0;;9.33;14.43;4.62;;1844.12;;33.5;-16.9;9.0;726.1;34.9;eor;2006-12-01;2021-12-31;419;48.5562;10.5599;Dillingen/Donau-Fristingen;Bayern
2018-01-01;983;2018-12-31;3.0;;10.33;15.7;5.2;;2084.97;;34.9;-16.8;9.0;535.7;27.8;eor;2006-12-01;2021-12-31;419;48.5562;10.5599;Dillingen/Donau-Fristingen;Bayern
2019-01-01;983;2019-12-31;3.0;;9.88;15.19;4.74;;1990.89;;36.1;-8.9;9.0;622.7;32.5;eor;2006-12-01;2021-12-31;419;48.5562;10.5599;Dillingen/Donau-Fristingen;Bayern
2017-01-01;1103;2017-12-31;3.0;;9.09;13.58;5.15;;;;32.5;-16.4;9.0;991.5;30.7;eor;1938-01-01;2021-12-31;592;48.1003;11.9872;Ebersberg-Halbing;Bayern
2019-01-01;1103;2019-12-31;3.0;;9.68;14.16;5.56;;;;33.7;-11.3;9.0;1001.8;108.3;eor;1938-01-01;2021-12-31;592;48.1003;11.9872;Ebersberg-Halbing;Bayern
2017-01-01;1107;2017-12-31;3.0;;8.84;13.99;4.01;;;;32.7;-18.2;9.0;934.5;51.4;eor;1948-01-01;2021-12-31;346;49.852;10.4991;Ebrach;Bayern
2018-01-01;1107;2018-12-31;3.0;;;15.67;4.5;;;;35.9;-14.5;;;;eor;1948-01-01;2021-12-31;346;49.852;10.4991;Ebrach;Bayern
2019-01-01;1107;2019-12-31;3.0;;9.56;15.08;4.3;;;;37.0;-11.1;9.0;744.8;47.0;eor;1948-01-01;2021-12-31;346;49.852;10.4991;Ebrach;Bayern
2017-01-01;1161;2017-12-31;3.0;;9.04;14.63;3.75;;;;34.5;-20.6;9.0;709.3;37.3;eor;1952-01-01;2021-12-31;384;48.8777;11.2349;Eichstätt-Landershofen;Bayern
2018-01-01;1161;2018-12-31;3.0;;10.11;15.94;4.57;;;;35.3;-15.8;9.0;665.9;54.2;eor;1952-01-01;2021-12-31;384;48.8777;11.2349;Eichstätt-Landershofen;Bayern
2019-01-01;1161;2019-12-31;3.0;;9.58;15.44;3.84;;;;36.9;-11.6;9.0;621.8;43.2;eor;1952-01-01;2021-12-31;384;48.8777;11.2349;Eichstätt-Landershofen;Bayern
2017-01-01;1262;2017-12-31;3.0;5.61;9.18;14.31;3.58;2.41;1936.17;27.6;33.8;-21.7;9.0;751.4;29.7;eor;1992-05-17;2021-12-31;446;48.3477;11.8134;München-Flughafen;Bayern
2018-01-01;1262;2018-12-31;3.0;5.26;10.18;15.43;4.51;2.29;2187.17;29.7;33.6;-16.3;9.0;743.2;38.3;eor;1992-05-17;2021-12-31;446;48.3477;11.8134;München-Flughafen;Bayern
2019-01-01;1262;2019-12-31;3.0;5.42;9.84;15.0;4.0;2.37;2030.76;32.9;34.5;-11.2;9.0;648.0;52.3;eor;1992-05-17;2021-12-31;446;48.3477;11.8134;München-Flughafen;Bayern
2017-01-01;1279;2017-12-31;3.0;;10.08;15.29;5.09;;1731.8;;34.9;-16.7;9.0;737.0;32.5;eor;1881-01-01;2021-12-31;268;49.6497;11.0075;Möhrendorf-Kleinseebach;Bayern
2018-01-01;1279;2018-12-31;3.0;;11.3;16.98;5.82;;2109.71;;37.7;-12.6;9.0;569.7;72.4;eor;1881-01-01;2021-12-31;268;49.6497;11.0075;Möhrendorf-Kleinseebach;Bayern
2019-01-01;1279;2019-12-31;3.0;;10.77;16.35;5.42;;1941.28;;38.3;-8.5;;;;eor;1881-01-01;2021-12-31;268;49.6497;11.0075;Möhrendorf-Kleinseebach;Bayern
2017-01-01;1332;2017-12-31;3.0;;9.53;13.97;5.44;;;;34.8;-17.2;9.0;748.0;24.7;eor;1937-01-01;2021-12-31;471;48.4832;12.7241;Falkenberg,Kr.Rottal-Inn;Bayern
2018-01-01;1332;2018-12-31;3.0;;10.66;15.41;6.33;;;;34.5;-14.9;9.0;670.6;27.0;eor;1937-01-01;2021-12-31;471;48.4832;12.7241;Falkenberg,Kr.Rottal-Inn;Bayern
2019-01-01;1332;2019-12-31;3.0;;10.24;14.82;5.8;;;;34.6;-11.2;9.0;652.0;45.5;eor;1937-01-01;2021-12-31;471;48.4832;12.7241;Falkenberg,Kr.Rottal-Inn;Bayern
2017-01-01;1357;2017-12-31;3.0;;7.34;11.62;3.22;2.08;;25.4;31.5;-17.5;9.0;1196.3;31.4;eor;1947-01-01;2021-12-31;655;49.9807;11.8376;Fichtelberg/Oberfranken-Hütts;Bayern
2018-01-01;1357;2018-12-31;3.0;;8.3;13.26;3.76;;;;32.8;-18.2;9.0;900.1;42.1;eor;1947-01-01;2021-12-31;655;49.9807;11.8376;Fichtelberg/Oberfranken-Hütts;Bayern
2019-01-01;1357;2019-12-31;3.0;;8.2;13.0;3.69;;;;34.5;-12.0;9.0;1028.7;42.4;eor;1947-01-01;2021-12-31;655;49.9807;11.8376;Fichtelberg/Oberfranken-Hütts;Bayern
2017-01-01;1550;2017-12-31;3.0;;8.06;14.29;2.84;;1718.63;;35.7;-21.0;9.0;1590.2;42.4;eor;1889-01-01;2021-12-31;719;47.483;11.0621;Garmisch-Partenkirchen;Bayern
2018-01-01;1550;2018-12-31;3.0;;8.91;15.09;3.63;;1810.49;;33.8;-18.4;9.0;1288.5;53.1;eor;1889-01-01;2021-12-31;719;47.483;11.0621;Garmisch-Partenkirchen;Bayern
2019-01-01;1550;2019-12-31;3.0;;8.64;14.92;3.27;1.32;1733.15;18.9;34.8;-12.4;9.0;1551.0;66.3;eor;1889-01-01;2021-12-31;719;47.483;11.0621;Garmisch-Partenkirchen;Bayern
2017-01-01;1587;2017-12-31;3.0;;9.07;13.22;5.21;;1702.62;;33.2;-15.8;9.0;756.6;35.5;eor;1998-01-01;2021-12-31;536;48.9481;11.4289;Gelbelsee;Bayern
2018-01-01;1587;2018-12-31;3.0;;10.19;14.56;6.17;2.21;2115.69;28.8;33.3;-15.5;9.0;718.3;54.1;eor;1998-01-01;2021-12-31;536;48.9481;11.4289;Gelbelsee;Bayern
2019-01-01;1587;2019-12-31;3.0;5.73;9.93;14.26;5.8;;2020.33;;35.3;-8.0;9.0;600.6;58.2;eor;1998-01-01;2021-12-31;536;48.9481;11.4289;Gelbelsee;Bayern
2017-01-01;1721;2017-12-31;3.0;;8.97;13.03;5.22;;;;32.3;-15.9;9.0;1009.0;32.7;eor;1991-01-01;2021-12-31;506;49.664;11.2239;Gräfenberg-Kasberg;Bayern
2018-01-01;1721;2018-12-31;3.0;;10.33;14.9;6.16;;;;35.0;-14.0;9.0;611.6;30.1;eor;1991-01-01;2021-12-31;506;49.664;11.2239;Gräfenberg-Kasberg;Bayern
2019-01-01;1721;2019-12-31;3.0;;9.78;14.12;5.74;;;;35.3;-10.3;9.0;859.6;34.0;eor;1991-01-01;2021-12-31;506;49.664;11.2239;Gräfenberg-Kasberg;Bayern
2017-01-01;1735;2017-12-31;3.0;;8.26;12.74;3.82;;1771.59;;33.7;-19.9;9.0;1058.3;32.0;eor;1958-01-01;2021-12-31;628;48.7894;13.629;Grainet-Rehberg;Bayern
2018-01-01;1735;2018-12-31;3.0;;9.53;14.14;4.93;;1954.56;;32.5;-14.3;9.0;942.2;62.6;eor;1958-01-01;2021-12-31;628;48.7894;13.629;Grainet-Rehberg;Bayern
2019-01-01;1735;2019-12-31;3.0;;9.17;13.93;4.5;;1844.44;;32.6;-15.6;9.0;926.8;43.0;eor;1958-01-01;2021-12-31;628;48.7894;13.629;Grainet-Rehberg;Bayern
2017-01-01;1832;2017-12-31;;;;;;;;;;;9.0;1476.3;47.2;eor;1982-11-01;2021-12-31;436;49.1129;13.1338;Großer Arber;Bayern
2018-01-01;1832;2018-12-31;3.0;;5.05;8.44;2.16;;;;25.9;-21.7;;;;eor;1982-11-01;2021-12-31;436;49.1129;13.1338;Großer Arber;Bayern
2019-01-01;1832;2019-12-31;3.0;;4.94;8.13;2.05;;;;27.2;-12.8;;;;eor;1982-11-01;2021-12-31;436;49.1129;13.1338;Großer Arber;Bayern
2017-01-01;1886;2017-12-31;3.0;-999.0;9.08;14.21;3.99;2.15;;21.6;31.8;-17.0;9.0;732.6;45.1;eor;2016-09-01;2021-12-31;444;48.4878;10.2608;Günzburg;Bayern
2018-01-01;1886;2018-12-31;3.0;-999.0;10.03;15.33;4.75;2.15;;23.2;34.1;-17.1;9.0;532.1;25.3;eor;2016-09-01;2021-12-31;444;48.4878;10.2608;Günzburg;Bayern
2019-01-01;1886;2019-12-31;3.0;-999.0;9.56;14.89;4.08;;;;35.3;-10.4;9.0;606.5;26.0;eor;2016-09-01;2021-12-31;444;48.4878;10.2608;Günzburg;Bayern
2017-01-01;2023;2017-12-31;3.0;5.82;9.26;13.61;5.19;;1787.72;;32.3;-15.8;9.0;702.9;58.7;eor;1998-01-03;2021-12-31;501;48.7918;10.7062;Harburg;Bayern
2018-01-01;2023;2018-12-31;3.0;;10.38;15.0;6.17;;2075.46;;33.8;-14.6;9.0;642.0;41.1;eor;1998-01-03;2021-12-31;501;48.7918;10.7062;Harburg;Bayern
2019-01-01;2023;2019-12-31;3.0;5.84;9.97;14.53;5.66;2.56;2037.03;28.3;35.7;-9.5;9.0;670.5;45.9;eor;1998-01-03;2021-12-31;501;48.7918;10.7062;Harburg;Bayern
2017-01-01;2261;2017-12-31;3.0;;8.18;12.07;4.26;;1492.88;;30.7;-20.4;9.0;736.2;21.7;eor;1947-01-01;2022-02-28;565;50.3123;11.876;Hof;Bayern
2018-01-01;2261;2018-12-31;3.0;;9.14;13.52;4.81;;1873.62;;34.7;-16.1;9.0;511.7;19.8;eor;1947-01-01;2022-02-28;565;50.3123;11.876;Hof;Bayern
2019-01-01;2261;2019-12-31;3.0;5.8;9.03;13.37;4.69;;1743.49;;34.5;-12.0;9.0;579.5;28.0;eor;1947-01-01;2022-02-28;565;50.3123;11.876;Hof;Bayern
2017-01-01;2290;2017-12-31;3.0;5.72;8.02;12.03;4.67;2.96;1873.27;;29.9;-14.2;9.0;1376.4;39.3;eor;1781-01-01;2021-12-31;977;47.8009;11.0108;Hohenpeißenberg;Bayern
2018-01-01;2290;2018-12-31;3.0;;8.94;12.92;5.58;2.75;2090.83;;30.7;-17.3;9.0;1093.1;44.3;eor;1781-01-01;2021-12-31;977;47.8009;11.0108;Hohenpeißenberg;Bayern
2019-01-01;2290;2019-12-31;3.0;;8.68;12.73;5.24;;2000.4;;31.9;-10.2;9.0;1159.3;104.3;eor;1781-01-01;2021-12-31;977;47.8009;11.0108;Hohenpeißenberg;Bayern
2017-01-01;2319;2017-12-31;3.0;;8.72;14.06;4.1;;;;32.9;-18.9;9.0;1381.8;65.0;eor;1953-01-01;2021-12-31;685;47.8823;11.6961;Holzkirchen;Bayern
2018-01-01;2319;2018-12-31;3.0;;9.65;15.02;5.03;;;;33.0;-17.8;9.0;1007.7;33.0;eor;1953-01-01;2021-12-31;685;47.8823;11.6961;Holzkirchen;Bayern
2019-01-01;2319;2019-12-31;3.0;;9.2;14.7;4.24;;;;33.7;-12.2;9.0;1365.4;92.3;eor;1953-01-01;2021-12-31;685;47.8823;11.6961;Holzkirchen;Bayern
2017-01-01;2410;2017-12-31;3.0;-999.0;9.61;-999.0;-999.0;;;;;;;;;eor;2017-01-01;2021-12-31;364;48.7111;11.5363;Ingolstadt (Flugplatz);Bayern
2019-01-01;2410;2019-12-31;3.0;-999.0;10.29;-999.0;-999.0;;;;;;;;;eor;2017-01-01;2021-12-31;364;48.7111;11.5363;Ingolstadt (Flugplatz);Bayern
2017-01-01;2480;2017-12-31;3.0;;11.06;15.92;6.32;;;;34.9;-12.1;9.0;769.5;35.0;eor;1896-01-01;2021-12-31;108;50.0643;8.993;Kahl/Main;Bayern
2018-01-01;2480;2018-12-31;3.0;;12.2;17.54;7.0;;;;37.2;-9.7;9.0;475.4;42.9;eor;1896-01-01;2021-12-31;108;50.0643;8.993;Kahl/Main;Bayern
2019-01-01;2480;2019-12-31;3.0;;11.66;16.81;6.59;;;;40.0;-9.8;9.0;674.5;35.1;eor;1896-01-01;2021-12-31;108;50.0643;8.993;Kahl/Main;Bayern
2017-01-01;2559;2017-12-31;3.0;;8.55;13.89;3.58;1.88;1803.96;21.8;32.0;-23.5;9.0;1421.0;55.1;eor;1881-01-01;2021-12-31;705;47.7233;10.3348;Kempten;Bayern
2018-01-01;2559;2018-12-31;3.0;;9.45;15.08;4.36;1.82;1968.0;;32.9;-16.8;9.0;1002.2;40.8;eor;1881-01-01;2021-12-31;705;47.7233;10.3348;Kempten;Bayern
2019-01-01;2559;2019-12-31;3.0;;8.91;14.49;3.72;;1856.59;;34.6;-14.6;;;;eor;1881-01-01;2021-12-31;705;47.7233;10.3348;Kempten;Bayern
2017-01-01;2597;2017-12-31;3.0;;9.63;14.17;5.3;;1561.66;;34.2;-14.4;9.0;712.0;36.6;eor;1881-01-01;2021-12-31;282;50.224;10.0792;Kissingen, Bad;Bayern
2018-01-01;2597;2018-12-31;3.0;;10.76;15.83;5.93;;2086.57;;36.5;-12.5;9.0;481.1;28.7;eor;1881-01-01;2021-12-31;282;50.224;10.0792;Kissingen, Bad;Bayern
2019-01-01;2597;2019-12-31;3.0;;10.31;15.16;5.57;2.26;1897.6;26.4;38.3;-10.5;9.0;653.4;54.1;eor;1881-01-01;2021-12-31;282;50.224;10.0792;Kissingen, Bad;Bayern
2017-01-01;2600;2017-12-31;3.0;;10.57;15.89;5.45;;;;35.5;-15.6;9.0;697.0;43.7;eor;1941-01-01;2021-12-31;193;49.7363;10.1781;Kitzingen;Bayern
2018-01-01;2600;2018-12-31;3.0;;11.64;17.57;5.89;;;;39.0;-12.0;9.0;496.5;38.0;eor;1941-01-01;2021-12-31;193;49.7363;10.1781;Kitzingen;Bayern
2019-01-01;2600;2019-12-31;3.0;;11.17;16.94;5.57;;;;39.5;-9.0;9.0;574.0;27.9;eor;1941-01-01;2021-12-31;193;49.7363;10.1781;Kitzingen;Bayern
2017-01-01;2680;2017-12-31;3.0;;9.14;14.02;3.84;;;;34.2;-17.6;9.0;707.9;42.9;eor;1948-01-01;2021-12-31;289;50.284;10.4456;Königshofen, Bad;Bayern
2018-01-01;2680;2018-12-31;3.0;;10.2;15.81;3.99;;;;36.1;-17.5;9.0;436.4;32.3;eor;1948-01-01;2021-12-31;289;50.284;10.4456;Königshofen, Bad;Bayern
2019-01-01;2680;2019-12-31;3.0;;9.2;14.59;3.1;;;;37.2;-12.3;9.0;488.5;30.6;eor;1948-01-01;2021-12-31;289;50.284;10.4456;Königshofen, Bad;Bayern
2017-01-01;2700;2017-12-31;3.0;;9.44;14.17;5.21;;1692.0;;33.8;-17.3;9.0;678.6;31.0;eor;1947-01-01;2021-12-31;416;48.8302;11.4872;Kösching;Bayern
2018-01-01;2700;2018-12-31;3.0;;10.68;15.61;6.34;;2085.46;;34.7;-13.4;9.0;597.0;28.4;eor;1947-01-01;2021-12-31;416;48.8302;11.4872;Kösching;Bayern
2019-01-01;2700;2019-12-31;3.0;;10.25;15.19;5.76;;;;36.6;-8.1;9.0;618.4;48.6;eor;1947-01-01;2021-12-31;416;48.8302;11.4872;Kösching;Bayern
2017-01-01;2708;2017-12-31;3.0;;8.2;13.73;3.19;;1714.03;;33.7;-20.7;9.0;1443.9;57.2;eor;1991-08-01;2021-12-31;742;47.6652;11.0805;Kohlgrub, Bad (Rosshof);Bayern
2018-01-01;2708;2018-12-31;3.0;;9.08;14.7;4.02;;1796.38;;31.7;-19.7;9.0;1192.7;58.4;eor;1991-08-01;2021-12-31;742;47.6652;11.0805;Kohlgrub, Bad (Rosshof);Bayern
2019-01-01;2708;2019-12-31;3.0;;8.77;14.42;3.6;;1738.04;;34.2;-12.2;;;;eor;1991-08-01;2021-12-31;742;47.6652;11.0805;Kohlgrub, Bad (Rosshof);Bayern
2017-01-01;2750;2017-12-31;3.0;;8.95;14.13;3.88;;1431.24;;33.2;-21.7;9.0;945.6;63.0;eor;1949-01-01;2021-12-31;310;50.2524;11.3209;Kronach;Bayern
2018-01-01;2750;2018-12-31;3.0;;10.0;15.8;4.18;;1831.19;;36.0;-14.4;9.0;601.0;29.1;eor;1949-01-01;2021-12-31;310;50.2524;11.3209;Kronach;Bayern
2019-01-01;2750;2019-12-31;3.0;;9.69;15.32;4.07;;1655.11;;37.4;-11.8;9.0;757.7;33.1;eor;1949-01-01;2021-12-31;310;50.2524;11.3209;Kronach;Bayern
2018-01-01;2773;2018-12-31;3.0;5.09;10.01;-999.0;-999.0;1.88;;;;;;;;eor;2001-01-01;2021-12-31;415;49.4283;11.9016;Kümmersbruck;Bayern
2018-01-01;2905;2018-12-31;3.0;-999.0;9.81;-999.0;-999.0;2.42;;;;;;;;eor;2001-01-01;2021-12-31;550;48.1849;10.8507;Lechfeld;Bayern
2017-01-01;3244;2017-12-31;3.0;;8.67;13.55;3.73;;1801.0;;31.4;-21.8;9.0;1008.1;63.4;eor;1940-01-01;2021-12-31;614;47.9821;10.1384;Memmingen;Bayern
2018-01-01;3244;2018-12-31;3.0;;9.47;14.6;4.42;;;;32.1;-17.1;;;;eor;1940-01-01;2021-12-31;614;47.9821;10.1384;Memmingen;Bayern
2019-01-01;3244;2019-12-31;3.0;;9.04;14.02;3.94;2.19;2007.41;24.2;33.8;-15.6;9.0;937.4;45.5;eor;1940-01-01;2021-12-31;614;47.9821;10.1384;Memmingen;Bayern
2017-01-01;3271;2017-12-31;3.0;;9.02;14.37;4.46;;1681.43;;33.8;-18.7;9.0;1014.2;29.4;eor;1881-01-01;2021-12-31;314;48.8548;12.9189;Metten;Bayern
2018-01-01;3271;2018-12-31;3.0;;10.53;16.36;5.66;;;;36.2;-13.9;9.0;706.4;33.2;eor;1881-01-01;2021-12-31;314;48.8548;12.9189;Metten;Bayern
2019-01-01;3271;2019-12-31;3.0;;10.07;15.73;5.29;;;;35.0;-11.5;9.0;864.4;31.1;eor;1881-01-01;2021-12-31;314;48.8548;12.9189;Metten;Bayern
2017-01-01;3307;2017-12-31;3.0;;7.06;12.85;2.02;;;;32.2;-21.1;9.0;1478.3;48.8;eor;1890-01-01;2021-12-31;984;47.4779;11.2653;Mittenwald-Buckelwiesen;Bayern
2019-01-01;3307;2019-12-31;3.0;;7.64;13.47;2.51;;;;34.2;-14.1;9.0;1478.9;59.9;eor;1890-01-01;2021-12-31;984;47.4779;11.2653;Mittenwald-Buckelwiesen;Bayern
2017-01-01;3319;2017-12-31;3.0;;10.14;14.87;5.6;;;;33.6;-13.3;9.0;703.5;32.7;eor;2006-09-01;2021-12-31;239;49.7644;9.253;Röllbach;Bayern
2018-01-01;3319;2018-12-31;3.0;;11.22;16.5;6.18;;;;36.4;-11.0;9.0;514.0;36.4;eor;2006-09-01;2021-12-31;239;49.7644;9.253;Röllbach;Bayern
2019-01-01;3319;2019-12-31;3.0;;10.63;15.69;5.6;;;;38.8;-9.5;;;;eor;2006-09-01;2021-12-31;239;49.7644;9.253;Röllbach;Bayern
2017-01-01;3366;2017-12-31;3.0;;9.14;14.45;3.91;;1801.44;;33.9;-22.1;9.0;744.8;22.7;eor;1953-01-01;2021-12-31;406;48.279;12.5024;Mühldorf;Bayern
2018-01-01;3366;2018-12-31;3.0;;10.19;15.7;4.76;;2010.25;;34.8;-13.5;9.0;735.0;63.4;eor;1953-01-01;2021-12-31;406;48.279;12.5024;Mühldorf;Bayern
2019-01-01;3366;2019-12-31;3.0;5.69;9.69;15.22;4.08;2.02;1872.19;33.2;35.4;-12.5;9.0;702.7;48.0;eor;1953-01-01;2021-12-31;406;48.279;12.5024;Mühldorf;Bayern
2017-01-01;3379;2017-12-31;3.0;;10.4;15.1;6.17;2.27;1793.23;26.4;35.8;-14.8;9.0;920.7;34.5;eor;1954-06-01;2021-12-31;515;48.1632;11.5429;München-Stadt;Bayern
2018-01-01;3379;2018-12-31;3.0;;11.31;16.1;7.06;2.2;2165.68;26.6;35.1;-13.4;9.0;945.1;61.7;eor;1954-06-01;2021-12-31;515;48.1632;11.5429;München-Stadt;Bayern
2019-01-01;3379;2019-12-31;3.0;;10.97;15.73;6.56;2.27;2013.2;24.6;35.3;-8.0;9.0;965.0;71.2;eor;1954-06-01;2021-12-31;515;48.1632;11.5429;München-Stadt;Bayern
2018-01-01;3484;2018-12-31;3.0;;10.57;-999.0;-999.0;2.01;;;;;;;;eor;2002-01-01;2021-12-31;380;48.7085;11.2147;Neuburg/Donau (Flugplatz);Bayern
2019-01-01;3484;2019-12-31;3.0;5.36;10.17;-999.0;-999.0;2.09;;;;;;;;eor;2002-01-01;2021-12-31;380;48.7085;11.2147;Neuburg/Donau (Flugplatz);Bayern
2017-01-01;3485;2017-12-31;3.0;;9.2;14.68;4.17;;;;32.7;-19.9;9.0;901.4;44.5;eor;1991-06-01;2021-12-31;486;48.3115;10.3773;Neuburg/Kammel-Langenhaslach;Bayern
2018-01-01;3485;2018-12-31;3.0;;10.05;15.71;4.96;;;;34.3;-19.4;;;;eor;1991-06-01;2021-12-31;486;48.3115;10.3773;Neuburg/Kammel-Langenhaslach;Bayern
2019-01-01;3485;2019-12-31;3.0;;9.57;15.16;4.43;;;;34.9;-10.4;9.0;819.5;54.0;eor;1991-06-01;2021-12-31;486;48.3115;10.3773;Neuburg/Kammel-Langenhaslach;Bayern
2017-01-01;3571;2017-12-31;3.0;;8.43;13.09;3.59;;1650.44;;33.4;-21.8;9.0;802.0;44.6;eor;2008-03-01;2021-12-31;452;49.8174;11.8638;Neustadt am Kulm-Filchendorf;Bayern
2018-01-01;3571;2018-12-31;3.0;;9.66;14.81;4.41;;2043.39;;35.7;-15.0;9.0;542.3;32.6;eor;2008-03-01;2021-12-31;452;49.8174;11.8638;Neustadt am Kulm-Filchendorf;Bayern
2019-01-01;3571;2019-12-31;3.0;;9.2;14.26;3.96;;1863.99;;35.9;-12.0;9.0;599.2;40.4;eor;2008-03-01;2021-12-31;452;49.8174;11.8638;Neustadt am Kulm-Filchendorf;Bayern
2017-01-01;3621;2017-12-31;3.0;;9.54;14.42;4.62;;;;32.8;-18.6;9.0;694.1;47.2;eor;1900-01-01;2021-12-31;435;48.8253;10.5067;Reimlingen;Bayern
2018-01-01;3621;2018-12-31;3.0;;10.5;15.68;5.33;;;;34.8;-16.3;9.0;601.1;33.2;eor;1900-01-01;2021-12-31;435;48.8253;10.5067;Reimlingen;Bayern
2019-01-01;3621;2019-12-31;3.0;;10.14;15.22;4.96;;;;35.6;-9.2;;;;eor;1900-01-01;2021-12-31;435;48.8253;10.5067;Reimlingen;Bayern
2017-01-01;3667;2017-12-31;3.0;;8.92;14.5;3.26;;;;34.7;-20.7;9.0;868.1;59.4;eor;1975-01-01;2021-12-31;369;49.4258;11.2539;Nürnberg-Netzstall;Bayern
2018-01-01;3667;2018-12-31;3.0;;10.16;16.5;3.89;;;;36.8;-16.7;9.0;544.2;40.3;eor;1975-01-01;2021-12-31;369;49.4258;11.2539;Nürnberg-Netzstall;Bayern
2019-01-01;3667;2019-12-31;3.0;;9.54;15.59;3.46;;;;36.7;-12.7;9.0;681.4;33.8;eor;1975-01-01;2021-12-31;369;49.4258;11.2539;Nürnberg-Netzstall;Bayern
2017-01-01;3668;2017-12-31;3.0;5.53;10.04;14.84;5.04;2.42;1871.8;27.1;34.7;-17.2;9.0;667.8;39.3;eor;1879-01-01;2021-12-31;314;49.503;11.0549;Nürnberg;Bayern
2018-01-01;3668;2018-12-31;3.0;5.1;11.2;16.61;5.65;2.33;2178.72;;36.0;-14.7;9.0;450.7;36.3;eor;1879-01-01;2021-12-31;314;49.503;11.0549;Nürnberg;Bayern
2019-01-01;3668;2019-12-31;3.0;5.28;10.66;15.88;5.18;2.37;2051.54;26.2;37.8;-9.4;9.0;540.2;23.7;eor;1879-01-01;2021-12-31;314;49.503;11.0549;Nürnberg;Bayern
2017-01-01;3679;2017-12-31;3.0;;8.71;14.03;4.27;;;;34.4;-20.3;;;;eor;1937-01-01;2021-12-31;518;47.6187;12.1665;Kiefersfelden-Gach;Bayern
2018-01-01;3679;2018-12-31;3.0;;9.92;15.36;5.15;;;;33.6;-17.8;9.0;1042.2;40.3;eor;1937-01-01;2021-12-31;518;47.6187;12.1665;Kiefersfelden-Gach;Bayern
2019-01-01;3679;2019-12-31;3.0;;9.4;14.83;4.7;;;;34.8;-12.6;9.0;1514.7;96.0;eor;1937-01-01;2021-12-31;518;47.6187;12.1665;Kiefersfelden-Gach;Bayern
2017-01-01;3730;2017-12-31;3.0;;7.19;13.54;1.26;;1645.82;;33.0;-24.9;9.0;1963.3;55.0;eor;1886-01-01;2021-12-31;806;47.3984;10.2759;Oberstdorf;Bayern
2018-01-01;3730;2018-12-31;3.0;;8.2;14.6;2.18;;1755.76;;31.8;-20.9;9.0;1421.9;55.8;eor;1886-01-01;2021-12-31;806;47.3984;10.2759;Oberstdorf;Bayern
2019-01-01;3730;2019-12-31;3.0;;7.66;14.1;1.58;1.75;1653.88;21.8;33.3;-18.1;;;;eor;1886-01-01;2021-12-31;806;47.3984;10.2759;Oberstdorf;Bayern
2017-01-01;3739;2017-12-31;3.0;;8.17;12.29;4.38;;;;33.4;-16.1;9.0;673.2;19.8;eor;1948-10-01;2021-12-31;596;49.4521;12.4365;Oberviechtach;Bayern
2018-01-01;3739;2018-12-31;3.0;;9.36;13.98;5.16;;;;34.5;-15.4;9.0;554.3;43.4;eor;1948-10-01;2021-12-31;596;49.4521;12.4365;Oberviechtach;Bayern
2019-01-01;3739;2019-12-31;3.0;;9.19;13.54;5.12;;;;34.4;-12.1;;;;eor;1948-10-01;2021-12-31;596;49.4521;12.4365;Oberviechtach;Bayern
2017-01-01;3836;2017-12-31;3.0;;8.82;14.01;3.58;;;;33.9;-17.7;9.0;650.9;23.9;eor;1972-05-01;2021-12-31;314;50.4538;10.2211;Ostheim v.d. Rhön;Bayern
2018-01-01;3836;2018-12-31;3.0;;9.94;15.79;4.03;;;;36.5;-15.2;9.0;450.9;23.3;eor;1972-05-01;2021-12-31;314;50.4538;10.2211;Ostheim v.d. Rhön;Bayern
2019-01-01;3836;2019-12-31;3.0;;9.56;15.16;3.78;;;;39.1;-13.9;9.0;551.0;26.7;eor;1972-05-01;2021-12-31;314;50.4538;10.2211;Ostheim v.d. Rhön;Bayern
2017-01-01;3857;2017-12-31;3.0;;7.73;12.92;2.68;;;;31.9;-20.8;9.0;1756.8;48.8;eor;1993-10-01;2021-12-31;886;47.6362;10.3892;Oy-Mittelberg-Petersthal;Bayern
2018-01-01;3857;2018-12-31;3.0;;8.62;14.02;3.5;;;;31.1;-19.0;9.0;1277.9;36.9;eor;1993-10-01;2021-12-31;886;47.6362;10.3892;Oy-Mittelberg-Petersthal;Bayern
2019-01-01;3857;2019-12-31;3.0;;8.18;13.4;3.05;;;;33.8;-15.6;9.0;1700.8;82.6;eor;1993-10-01;2021-12-31;886;47.6362;10.3892;Oy-Mittelberg-Petersthal;Bayern
2017-01-01;3875;2017-12-31;3.0;;8.79;13.18;4.8;;1786.19;;32.8;-16.1;9.0;764.2;46.8;eor;1950-01-01;2021-12-31;549;49.151;11.6896;Parsberg/Oberpfalz-Eglwang;Bayern
2018-01-01;3875;2018-12-31;3.0;;9.83;14.62;5.62;;2018.9;;34.0;-15.9;;;;eor;1950-01-01;2021-12-31;549;49.151;11.6896;Parsberg/Oberpfalz-Eglwang;Bayern
2019-01-01;3875;2019-12-31;3.0;;9.56;14.27;5.27;;1928.15;;35.3;-10.3;9.0;643.6;31.4;eor;1950-01-01;2021-12-31;549;49.151;11.6896;Parsberg/Oberpfalz-Eglwang;Bayern
2017-01-01;3975;2017-12-31;3.0;;8.6;12.82;4.86;;1601.44;;32.6;-15.0;9.0;912.9;29.1;eor;1950-01-01;2021-12-31;522;49.4777;11.5357;Pommelsbrunn-Mittelburg;Bayern
2018-01-01;3975;2018-12-31;3.0;;9.82;14.56;5.69;;1963.96;;34.3;-14.6;9.0;637.0;37.3;eor;1950-01-01;2021-12-31;522;49.4777;11.5357;Pommelsbrunn-Mittelburg;Bayern
2019-01-01;3975;2019-12-31;3.0;;9.55;14.06;5.46;;1845.72;;35.5;-9.2;9.0;680.4;35.6;eor;1950-01-01;2021-12-31;522;49.4777;11.5357;Pommelsbrunn-Mittelburg;Bayern
2017-01-01;4104;2017-12-31;3.0;4.84;9.68;15.29;5.02;2.08;1689.22;24.7;34.9;-18.1;9.0;631.4;22.4;eor;1879-01-01;2021-12-31;365;49.0425;12.1019;Regensburg;Bayern
2018-01-01;4104;2018-12-31;3.0;;10.8;16.8;5.87;2.01;1916.03;21.9;38.2;-14.9;9.0;691.7;45.4;eor;1879-01-01;2021-12-31;365;49.0425;12.1019;Regensburg;Bayern
2019-01-01;4104;2019-12-31;3.0;;10.45;16.33;5.52;;1777.26;;38.9;-9.4;9.0;631.7;74.8;eor;1879-01-01;2021-12-31;365;49.0425;12.1019;Regensburg;Bayern
2017-01-01;4261;2017-12-31;3.0;;9.48;15.11;4.4;;1676.01;;34.4;-21.6;;;;eor;1881-01-01;2021-12-31;442;47.8753;12.128;Rosenheim;Bayern
2018-01-01;4261;2018-12-31;3.0;;10.48;16.36;5.28;;1930.2;;33.9;-19.0;9.0;893.1;31.0;eor;1881-01-01;2021-12-31;442;47.8753;12.128;Rosenheim;Bayern
2019-01-01;4261;2019-12-31;3.0;;10.16;16.01;4.84;;1898.4;;36.1;-8.3;9.0;1017.2;55.5;eor;1881-01-01;2021-12-31;442;47.8753;12.128;Rosenheim;Bayern
2018-01-01;4280;2018-12-31;3.0;;10.47;15.89;4.99;;;29.4;36.1;-18.0;9.0;635.1;62.5;eor;2002-01-01;2021-12-31;386;49.2162;11.1035;Roth;Bayern
2019-01-01;4280;2019-12-31;3.0;5.84;10.21;15.56;4.77;2.15;;32.4;36.9;-12.4;9.0;566.0;30.0;eor;2002-01-01;2021-12-31;386;49.2162;11.1035;Roth;Bayern
2017-01-01;4287;2017-12-31;3.0;;9.55;14.25;5.19;;;;34.0;-15.7;9.0;729.7;48.9;eor;1947-06-08;2021-12-31;415;49.3848;10.1732;Rothenburg ob der Tauber;Bayern
2018-01-01;4287;2018-12-31;3.0;;10.67;15.89;5.81;;;;36.2;-14.2;9.0;538.1;50.8;eor;1947-06-08;2021-12-31;415;49.3848;10.1732;Rothenburg ob der Tauber;Bayern
2019-01-01;4287;2019-12-31;3.0;;10.27;15.34;5.37;;;;36.9;-9.2;9.0;664.0;44.3;eor;1947-06-08;2021-12-31;415;49.3848;10.1732;Rothenburg ob der Tauber;Bayern
2017-01-01;4354;2017-12-31;3.0;;8.49;13.58;3.55;;1896.95;;34.2;-22.1;9.0;1164.6;48.0;eor;1985-09-01;2021-12-31;457;48.7832;13.3146;Saldenburg-Entschenreuth;Bayern
2018-01-01;4354;2018-12-31;3.0;;9.83;15.22;4.7;;2019.34;;33.2;-15.4;;;;eor;1985-09-01;2021-12-31;457;48.7832;13.3146;Saldenburg-Entschenreuth;Bayern
2019-01-01;4354;2019-12-31;3.0;;9.44;14.97;4.31;;1889.8;;34.9;-12.7;;;;eor;1985-09-01;2021-12-31;457;48.7832;13.3146;Saldenburg-Entschenreuth;Bayern
2017-01-01;4377;2017-12-31;3.0;;8.9;12.4;5.85;;;;31.2;-12.1;9.0;856.7;32.9;eor;1965-01-01;2021-12-31;518;50.3518;10.0034;Sandberg;Bayern
2018-01-01;4377;2018-12-31;3.0;;10.2;14.25;6.73;;;;34.7;-14.1;9.0;689.6;33.4;eor;1965-01-01;2021-12-31;518;50.3518;10.0034;Sandberg;Bayern
2019-01-01;4377;2019-12-31;3.0;;9.78;13.68;6.39;;;;37.1;-9.9;9.0;838.2;44.7;eor;1965-01-01;2021-12-31;518;50.3518;10.0034;Sandberg;Bayern
2017-01-01;4548;2017-12-31;3.0;;7.54;11.83;3.24;;;;31.8;-20.9;9.0;678.3;35.8;eor;2007-07-01;2021-12-31;608;50.1847;12.0791;Schönwald/Ofr.-Brunn;Bayern
2018-01-01;4548;2018-12-31;3.0;;8.42;13.2;3.65;;;;34.0;-18.5;9.0;508.1;23.2;eor;2007-07-01;2021-12-31;608;50.1847;12.0791;Schönwald/Ofr.-Brunn;Bayern
2017-01-01;4559;2017-12-31;3.0;;8.59;13.91;3.28;;;;33.8;-25.8;9.0;697.2;28.1;eor;1996-05-01;2021-12-31;398;49.1644;12.6175;Schorndorf-Knöbling;Bayern
2018-01-01;4559;2018-12-31;3.0;;9.47;15.31;3.83;;;;35.3;-17.2;9.0;598.2;37.6;eor;1996-05-01;2021-12-31;398;49.1644;12.6175;Schorndorf-Knöbling;Bayern
2019-01-01;4559;2019-12-31;3.0;;9.39;15.07;3.71;;;;35.4;-17.3;9.0;578.4;33.0;eor;1996-05-01;2021-12-31;398;49.1644;12.6175;Schorndorf-Knöbling;Bayern
2017-01-01;4592;2017-12-31;3.0;;9.46;14.77;4.51;;1775.09;;35.7;-17.8;9.0;611.1;25.2;eor;1949-01-01;2021-12-31;356;49.3278;12.0871;Schwandorf;Bayern
2018-01-01;4592;2018-12-31;3.0;;10.5;16.39;5.28;;2081.33;;36.3;-14.6;9.0;542.6;33.5;eor;1949-01-01;2021-12-31;356;49.3278;12.0871;Schwandorf;Bayern
2019-01-01;4592;2019-12-31;3.0;;10.22;15.89;5.03;;1951.27;;37.4;-9.9;9.0;553.0;29.3;eor;1949-01-01;2021-12-31;356;49.3278;12.0871;Schwandorf;Bayern
2017-01-01;4704;2017-12-31;3.0;;9.69;14.51;5.19;;1772.66;;32.6;-18.8;;;;eor;1988-05-01;2021-12-31;508;47.5776;9.7404;Sigmarszell-Zeisertsweiler;Bayern
2018-01-01;4704;2018-12-31;3.0;;10.69;15.81;5.74;;1966.02;;33.8;-13.3;9.0;1055.2;52.2;eor;1988-05-01;2021-12-31;508;47.5776;9.7404;Sigmarszell-Zeisertsweiler;Bayern
2019-01-01;4704;2019-12-31;3.0;;10.14;15.1;5.25;;1787.7;;35.0;-11.8;9.0;1593.5;103.8;eor;1988-05-01;2021-12-31;508;47.5776;9.7404;Sigmarszell-Zeisertsweiler;Bayern
2017-01-01;4706;2017-12-31;3.0;;9.62;14.82;4.75;;1833.2;;33.3;-19.4;9.0;843.5;24.9;eor;1981-01-01;2021-12-31;358;48.2718;13.0273;Simbach/Inn;Bayern
2018-01-01;4706;2018-12-31;3.0;;10.85;16.1;5.94;;2017.54;;35.4;-12.5;9.0;737.3;28.2;eor;1981-01-01;2021-12-31;358;48.2718;13.0273;Simbach/Inn;Bayern
2019-01-01;4706;2019-12-31;3.0;;10.3;15.71;5.15;;1909.09;;35.3;-8.3;9.0;772.0;56.2;eor;1981-01-01;2021-12-31;358;48.2718;13.0273;Simbach/Inn;Bayern
2017-01-01;4911;2017-12-31;3.0;;9.48;14.21;4.32;;1767.83;;33.4;-22.2;9.0;662.1;23.7;eor;1883-01-01;2021-12-31;351;48.8275;12.5597;Straubing;Bayern
2018-01-01;4911;2018-12-31;3.0;;10.79;15.94;5.31;;2031.32;;35.6;-13.1;9.0;601.4;32.9;eor;1883-01-01;2021-12-31;351;48.8275;12.5597;Straubing;Bayern
2019-01-01;4911;2019-12-31;3.0;;10.28;15.28;4.95;;1912.33;;35.4;-10.6;9.0;631.6;73.3;eor;1883-01-01;2021-12-31;351;48.8275;12.5597;Straubing;Bayern
2017-01-01;5017;2017-12-31;3.0;;7.51;11.25;3.97;;;;30.4;-14.9;9.0;1162.6;48.0;eor;1948-01-01;2021-12-31;633;50.4002;11.3888;Teuschnitz;Bayern
2018-01-01;5017;2018-12-31;3.0;;8.65;12.94;4.69;;;;33.4;-16.6;9.0;725.2;36.8;eor;1948-01-01;2021-12-31;633;50.4002;11.3888;Teuschnitz;Bayern
2019-01-01;5017;2019-12-31;3.0;;8.49;12.75;4.62;;;;34.5;-11.6;9.0;909.8;30.9;eor;1948-01-01;2021-12-31;633;50.4002;11.3888;Teuschnitz;Bayern
2017-01-01;5046;2017-12-31;3.0;;8.04;12.99;2.88;;;;34.4;-22.0;9.0;702.4;30.0;eor;1967-01-01;2021-12-31;501;49.8576;12.3542;Tirschenreuth-Lodermühl;Bayern
2018-01-01;5046;2018-12-31;3.0;;9.16;14.65;3.57;;;;35.2;-15.8;9.0;469.2;20.4;eor;1967-01-01;2021-12-31;501;49.8576;12.3542;Tirschenreuth-Lodermühl;Bayern
2019-01-01;5046;2019-12-31;3.0;;8.86;14.23;3.32;;;;36.0;-17.1;9.0;584.5;23.7;eor;1967-01-01;2021-12-31;501;49.8576;12.3542;Tirschenreuth-Lodermühl;Bayern
2017-01-01;5111;2017-12-31;3.0;;9.18;13.82;4.97;;;;34.1;-18.0;9.0;1056.1;39.5;eor;1915-01-01;2021-12-31;560;48.0311;12.5396;Trostberg;Bayern
2018-01-01;5111;2018-12-31;3.0;;10.22;14.97;5.93;;;;33.2;-15.9;;;;eor;1915-01-01;2021-12-31;560;48.0311;12.5396;Trostberg;Bayern
2019-01-01;5111;2019-12-31;3.0;;9.92;14.62;5.47;;;;34.4;-10.9;;;;eor;1915-01-01;2021-12-31;560;48.0311;12.5396;Trostberg;Bayern
2017-01-01;5149;2017-12-31;3.0;;9.84;14.67;5.15;;;;32.8;-18.4;9.0;703.7;35.3;eor;1937-01-01;2021-12-31;306;49.5741;10.1915;Gollhofen;Bayern
2018-01-01;5149;2018-12-31;3.0;;10.91;16.32;5.83;;;;35.7;-13.0;9.0;560.2;46.9;eor;1937-01-01;2021-12-31;306;49.5741;10.1915;Gollhofen;Bayern
2019-01-01;5149;2019-12-31;3.0;;10.46;15.72;5.32;;;;37.6;-9.2;9.0;534.3;26.8;eor;1937-01-01;2021-12-31;306;49.5741;10.1915;Gollhofen;Bayern
2017-01-01;5397;2017-12-31;3.0;;9.07;13.63;4.56;1.94;1613.23;22.6;34.6;-19.0;9.0;727.5;26.6;eor;1881-01-01;2021-12-31;440;49.6662;12.1844;Weiden;Bayern
2018-01-01;5397;2018-12-31;3.0;;10.16;15.18;5.29;1.97;1898.49;29.7;35.1;-15.5;9.0;537.7;45.6;eor;1881-01-01;2021-12-31;440;49.6662;12.1844;Weiden;Bayern
2019-01-01;5397;2019-12-31;3.0;;9.72;14.58;4.9;;1777.98;;36.2;-12.0;9.0;630.1;27.3;eor;1881-01-01;2021-12-31;440;49.6662;12.1844;Weiden;Bayern
2017-01-01;5404;2017-12-31;3.0;;9.13;14.06;4.27;2.23;1958.93;23.6;33.8;-18.9;9.0;774.9;28.6;eor;1885-01-01;2021-12-31;477;48.4024;11.6946;Weihenstephan-Dürnast;Bayern
2018-01-01;5404;2018-12-31;3.0;;10.15;15.23;5.22;;2172.64;;33.9;-14.4;9.0;728.3;60.7;eor;1885-01-01;2021-12-31;477;48.4024;11.6946;Weihenstephan-Dürnast;Bayern
2019-01-01;5404;2019-12-31;3.0;5.76;9.72;14.71;4.64;;2021.21;27.4;34.3;-9.7;9.0;688.1;49.3;eor;1885-01-01;2021-12-31;477;48.4024;11.6946;Weihenstephan-Dürnast;Bayern
2017-01-01;5440;2017-12-31;3.0;;9.5;14.11;4.99;;1854.98;24.4;33.1;-18.8;9.0;678.0;43.0;eor;1879-01-01;2021-12-31;439;49.0115;10.9308;Weißenburg-Emetzheim;Bayern
2018-01-01;5440;2018-12-31;3.0;;10.41;15.38;5.45;;2128.91;;34.1;-15.2;9.0;583.1;43.4;eor;1879-01-01;2021-12-31;439;49.0115;10.9308;Weißenburg-Emetzheim;Bayern
2019-01-01;5440;2019-12-31;3.0;;10.05;15.02;5.11;;;;36.6;-8.8;9.0;537.5;41.2;eor;1879-01-01;2021-12-31;439;49.0115;10.9308;Weißenburg-Emetzheim;Bayern
2017-01-01;5538;2017-12-31;3.0;;9.01;15.08;3.55;;1855.77;;34.2;-22.7;9.0;1011.5;31.5;eor;1999-02-01;2021-12-31;551;47.8827;11.1576;Wielenbach (Demollstr.);Bayern
2019-01-01;5538;2019-12-31;3.0;;9.46;15.58;3.67;;1926.47;;37.0;-11.6;9.0;929.9;71.0;eor;1999-02-01;2021-12-31;551;47.8827;11.1576;Wielenbach (Demollstr.);Bayern
2017-01-01;5705;2017-12-31;3.0;;10.36;14.95;6.13;2.43;1750.55;28.5;33.9;-13.2;9.0;628.9;39.5;eor;1881-01-01;2021-12-31;268;49.7704;9.9576;Würzburg;Bayern
2018-01-01;5705;2018-12-31;3.0;;11.66;16.8;6.9;2.39;2151.61;38.0;36.6;-12.0;9.0;432.1;45.7;eor;1881-01-01;2021-12-31;268;49.7704;9.9576;Würzburg;Bayern
2019-01-01;5705;2019-12-31;3.0;;11.17;16.14;6.43;;1942.9;;38.6;-8.9;9.0;490.7;23.6;eor;1881-01-01;2021-12-31;268;49.7704;9.9576;Würzburg;Bayern
2017-01-01;5792;2017-12-31;3.0;;-3.86;-1.0;-6.48;4.24;1940.36;;14.9;-27.2;9.0;2357.5;67.7;eor;1900-08-01;2021-12-31;965;47.421;10.9848;Zugspitze;Bayern
2018-01-01;5792;2018-12-31;3.0;;-3.0;-0.23;-5.5;3.78;2039.56;;13.0;-30.5;9.0;1747.7;45.5;eor;1900-08-01;2021-12-31;965;47.421;10.9848;Zugspitze;Bayern
2019-01-01;5792;2019-12-31;3.0;;-3.2;-0.4;-5.79;3.75;2047.47;40.1;16.2;-22.4;9.0;2559.2;78.5;eor;1900-08-01;2021-12-31;965;47.421;10.9848;Zugspitze;Bayern
2017-01-01;5800;2017-12-31;3.0;;7.75;13.04;2.52;;1743.05;;33.0;-20.8;9.0;1094.2;34.8;eor;1998-01-01;2021-12-31;615;49.028;13.2385;Zwiesel;Bayern
2018-01-01;5800;2018-12-31;3.0;;8.72;14.31;3.32;1.7;2043.97;20.6;32.4;-14.6;9.0;903.5;42.6;eor;1998-01-01;2021-12-31;615;49.028;13.2385;Zwiesel;Bayern
2019-01-01;5800;2019-12-31;3.0;4.97;8.41;14.03;2.97;1.7;1925.83;24.4;34.3;-17.0;9.0;968.5;38.0;eor;1998-01-01;2021-12-31;615;49.028;13.2385;Zwiesel;Bayern
2017-01-01;5856;2017-12-31;3.0;;9.09;13.26;5.04;2.29;1945.35;37.7;34.2;-17.1;9.0;938.6;44.6;eor;1997-01-03;2021-12-31;476;48.5451;13.3532;Fürstenzell;Bayern
2018-01-01;5856;2018-12-31;3.0;;10.48;14.98;6.38;;2082.13;32.3;33.6;-14.6;9.0;759.3;35.2;eor;1997-01-03;2021-12-31;476;48.5451;13.3532;Fürstenzell;Bayern
2019-01-01;5856;2019-12-31;3.0;;10.01;14.55;5.74;;1954.24;;33.8;-11.8;9.0;795.8;32.3;eor;1997-01-03;2021-12-31;476;48.5451;13.3532;Fürstenzell;Bayern
2017-01-01;5941;2017-12-31;3.0;;7.54;13.75;2.18;;;;36.1;-26.3;;;;eor;1938-01-01;2021-12-31;686;47.6754;12.4698;Reit im Winkl;Bayern
2018-01-01;5941;2018-12-31;3.0;;8.61;15.04;2.91;;;;32.8;-22.1;;;;eor;1938-01-01;2021-12-31;686;47.6754;12.4698;Reit im Winkl;Bayern
2019-01-01;5941;2019-12-31;3.0;;8.17;14.62;2.67;;;;34.9;-17.6;;;;eor;1938-01-01;2021-12-31;686;47.6754;12.4698;Reit im Winkl;Bayern
2017-01-01;6158;2017-12-31;3.0;;8.86;13.61;4.02;;1821.65;;32.2;-18.7;9.0;686.9;39.8;eor;1999-07-01;2021-12-31;454;49.2249;10.6085;Weidenbach-Weiherschneidbach;Bayern
2018-01-01;6158;2018-12-31;3.0;;9.97;15.08;4.77;;2064.79;;33.3;-14.3;9.0;585.8;54.3;eor;1999-07-01;2021-12-31;454;49.2249;10.6085;Weidenbach-Weiherschneidbach;Bayern
2019-01-01;6158;2019-12-31;3.0;;9.48;14.54;4.27;;1970.03;;35.4;-10.7;9.0;587.6;40.9;eor;1999-07-01;2021-12-31;454;49.2249;10.6085;Weidenbach-Weiherschneidbach;Bayern
2017-01-01;6336;2017-12-31;3.0;;9.48;14.42;4.67;;;;33.2;-15.1;9.0;779.3;36.4;eor;2005-11-01;2021-12-31;288;50.0132;9.654;Lohr/Main-Halsbach;Bayern
2018-01-01;6336;2018-12-31;3.0;;10.62;16.1;5.32;;;;35.9;-12.1;9.0;596.4;34.3;eor;2005-11-01;2021-12-31;288;50.0132;9.654;Lohr/Main-Halsbach;Bayern
2019-01-01;6336;2019-12-31;3.0;;10.12;15.4;4.81;;;;39.0;-10.8;9.0;691.4;45.2;eor;2005-11-01;2021-12-31;288;50.0132;9.654;Lohr/Main-Halsbach;Bayern
2017-01-01;6346;2017-12-31;3.0;;9.2;13.86;4.52;;;;33.5;-18.5;9.0;809.2;26.7;eor;2005-02-01;2021-12-31;531;48.207;11.2035;Maisach-Galgen;Bayern
2018-01-01;6346;2018-12-31;3.0;;10.04;14.97;5.25;;;;33.8;-17.6;;;;eor;2005-02-01;2021-12-31;531;48.207;11.2035;Maisach-Galgen;Bayern
2019-01-01;6346;2019-12-31;3.0;;9.78;14.67;4.87;;;;33.9;-10.7;9.0;734.7;47.8;eor;2005-02-01;2021-12-31;531;48.207;11.2035;Maisach-Galgen;Bayern
2017-01-01;6347;2017-12-31;3.0;;9.79;14.16;5.67;;1575.47;;33.2;-14.1;9.0;666.1;36.4;eor;2005-03-01;2021-12-31;305;50.0579;10.2972;Schonungen-Mainberg;Bayern
2018-01-01;6347;2018-12-31;3.0;;11.05;15.87;6.51;;2101.21;;36.2;-12.8;9.0;538.8;39.0;eor;2005-03-01;2021-12-31;305;50.0579;10.2972;Schonungen-Mainberg;Bayern
2019-01-01;6347;2019-12-31;3.0;;10.66;15.39;6.16;;1896.04;;38.3;-8.8;9.0;549.8;21.7;eor;2005-03-01;2021-12-31;305;50.0579;10.2972;Schonungen-Mainberg;Bayern
2017-01-01;7075;2017-12-31;3.0;;9.3;14.73;4.3;;1850.51;;34.8;-20.9;9.0;725.9;24.3;eor;2005-02-01;2021-12-31;429;48.702;11.8493;Elsendorf-Horneck;Bayern
2018-01-01;7075;2018-12-31;3.0;;10.36;15.97;5.2;;2092.51;;35.7;-15.7;9.0;639.8;32.5;eor;2005-02-01;2021-12-31;429;48.702;11.8493;Elsendorf-Horneck;Bayern
2019-01-01;7075;2019-12-31;3.0;;9.96;15.62;4.7;;2017.88;;36.3;-9.3;9.0;635.3;34.4;eor;2005-02-01;2021-12-31;429;48.702;11.8493;Elsendorf-Horneck;Bayern
2017-01-01;7105;2017-12-31;3.0;;8.49;13.12;4.58;;;;32.0;-17.9;9.0;1675.0;44.6;eor;2005-06-01;2021-12-31;719;47.835;12.6548;Siegsdorf-Höll;Bayern
2018-01-01;7105;2018-12-31;3.0;;9.44;14.09;5.39;;;;31.2;-18.5;9.0;1402.9;60.7;eor;2005-06-01;2021-12-31;719;47.835;12.6548;Siegsdorf-Höll;Bayern
2019-01-01;7105;2019-12-31;3.0;;9.26;14.07;5.07;;;;33.4;-10.1;;;;eor;2005-06-01;2021-12-31;719;47.835;12.6548;Siegsdorf-Höll;Bayern
2019-01-01;7319;2019-12-31;3.0;;9.86;14.94;4.9;;;;35.6;-8.4;;;;eor;2005-03-01;2021-12-31;435;48.7374;10.7393;Donauwörth-Osterweiler;Bayern
2017-01-01;7350;2017-12-31;3.0;;8.26;12.65;4.26;;;;33.2;-15.8;9.0;860.3;23.6;eor;2006-08-01;2021-12-31;585;49.1088;12.8231;Prackenbach-Neuhäusl;Bayern
2018-01-01;7350;2018-12-31;3.0;;9.35;14.14;5.08;;;;33.1;-15.9;9.0;655.7;35.1;eor;2006-08-01;2021-12-31;585;49.1088;12.8231;Prackenbach-Neuhäusl;Bayern
2019-01-01;7350;2019-12-31;3.0;;9.23;13.85;5.0;;;;33.5;-11.9;9.0;765.4;30.8;eor;2006-08-01;2021-12-31;585;49.1088;12.8231;Prackenbach-Neuhäusl;Bayern
2017-01-01;7369;2017-12-31;3.0;;8.85;13.55;4.06;;1756.15;24.9;32.5;-19.1;;;;eor;2007-11-01;2021-12-31;475;49.1623;10.3661;Feuchtwangen-Heilbronn;Bayern
2018-01-01;7369;2018-12-31;3.0;;9.85;14.97;4.65;;1976.73;25.1;34.1;-15.3;;;;eor;2007-11-01;2021-12-31;475;49.1623;10.3661;Feuchtwangen-Heilbronn;Bayern
2019-01-01;7369;2019-12-31;3.0;5.48;9.42;14.53;4.19;2.24;1881.83;;36.1;-9.6;9.0;603.6;41.1;eor;2007-11-01;2021-12-31;475;49.1623;10.3661;Feuchtwangen-Heilbronn;Bayern
2017-01-01;7370;2017-12-31;3.0;;8.26;12.99;3.39;;1685.42;;33.8;-23.2;9.0;747.9;27.7;eor;2006-12-11;2021-12-31;499;49.391;12.6838;Waldmünchen;Bayern
2018-01-01;7370;2018-12-31;3.0;;9.32;14.44;4.21;;;;33.4;-14.6;9.0;589.8;40.1;eor;2006-12-11;2021-12-31;499;49.391;12.6838;Waldmünchen;Bayern
2019-01-01;7370;2019-12-31;3.0;;9.05;14.11;3.92;;;;34.3;-17.9;9.0;688.8;32.0;eor;2006-12-11;2021-12-31;499;49.391;12.6838;Waldmünchen;Bayern
2017-01-01;7394;2017-12-31;3.0;;7.69;11.5;3.92;2.58;1617.7;30.5;31.7;-16.8;9.0;751.3;23.9;eor;2006-06-01;2021-12-31;622;50.0315;11.9745;Wunsiedel-Schönbrunn;Bayern
2018-01-01;7394;2018-12-31;3.0;;8.72;13.03;4.57;;1944.64;;32.9;-16.5;;;;eor;2006-06-01;2021-12-31;622;50.0315;11.9745;Wunsiedel-Schönbrunn;Bayern
2019-01-01;7394;2019-12-31;3.0;;8.59;12.71;4.49;;1818.58;;34.0;-11.0;;;;eor;2006-06-01;2021-12-31;622;50.0315;11.9745;Wunsiedel-Schönbrunn;Bayern
2017-01-01;7395;2017-12-31;3.0;;9.36;14.46;4.13;;1928.98;;35.2;-20.7;9.0;691.4;19.5;eor;2007-12-01;2021-12-31;351;48.6595;12.5388;Gottfrieding;Bayern
2018-01-01;7395;2018-12-31;3.0;;10.61;16.15;4.91;2.12;2133.18;26.1;36.0;-14.8;9.0;554.6;33.1;eor;2007-12-01;2021-12-31;351;48.6595;12.5388;Gottfrieding;Bayern
2019-01-01;7395;2019-12-31;3.0;;10.06;15.42;4.44;;2027.0;;35.6;-9.5;9.0;596.0;35.0;eor;2007-12-01;2021-12-31;351;48.6595;12.5388;Gottfrieding;Bayern
2017-01-01;7412;2017-12-31;3.0;6.37;8.98;13.61;4.45;2.01;1593.2;32.3;32.3;-16.9;9.0;1047.1;44.4;eor;2006-10-01;2021-12-31;340;50.0083;9.4238;Neuhütten/Spessart;Bayern
2018-01-01;7412;2018-12-31;3.0;;10.04;15.29;4.95;2.07;1971.36;25.1;35.1;-13.6;9.0;696.5;40.9;eor;2006-10-01;2021-12-31;340;50.0083;9.4238;Neuhütten/Spessart;Bayern
2019-01-01;7412;2019-12-31;3.0;5.78;9.64;14.69;4.56;2.01;1792.93;25.2;37.2;-12.4;9.0;975.4;57.1;eor;2006-10-01;2021-12-31;340;50.0083;9.4238;Neuhütten/Spessart;Bayern
2017-01-01;7424;2017-12-31;3.0;;8.94;14.87;3.32;;1692.19;;35.4;-23.3;9.0;1349.7;51.6;eor;2006-12-01;2021-12-31;457;47.7724;12.9073;Piding;Bayern
2018-01-01;7424;2018-12-31;3.0;;9.91;15.87;4.13;;1863.48;;32.9;-19.9;9.0;1212.7;57.6;eor;2006-12-01;2021-12-31;457;47.7724;12.9073;Piding;Bayern
2019-01-01;7424;2019-12-31;3.0;;9.69;15.71;3.86;;1756.26;;34.7;-11.5;9.0;1346.9;74.9;eor;2006-12-01;2021-12-31;457;47.7724;12.9073;Piding;Bayern
2017-01-01;7431;2017-12-31;3.0;;8.72;14.26;3.88;;;;34.3;-20.3;9.0;1100.8;46.8;eor;2007-11-01;2021-12-31;604;48.013;11.5524;Oberhaching-Laufzorn;Bayern
2018-01-01;7431;2018-12-31;3.0;;9.6;15.17;4.59;;;;33.9;-19.8;9.0;950.6;44.9;eor;2007-11-01;2021-12-31;604;48.013;11.5524;Oberhaching-Laufzorn;Bayern
2019-01-01;7431;2019-12-31;3.0;;9.06;14.6;3.92;;;;34.6;-14.4;9.0;1082.1;66.8;eor;2007-11-01;2021-12-31;604;48.013;11.5524;Oberhaching-Laufzorn;Bayern
2017-01-01;13710;2017-12-31;3.0;;9.58;13.91;5.65;;;;34.5;-15.9;9.0;739.0;29.6;eor;2008-04-01;2021-12-31;490;48.5734;12.2576;Landshut-Reithof;Bayern
2018-01-01;13710;2018-12-31;3.0;;10.61;15.07;6.58;;;;34.1;-14.2;9.0;693.7;74.8;eor;2008-04-01;2021-12-31;490;48.5734;12.2576;Landshut-Reithof;Bayern
2019-01-01;13710;2019-12-31;3.0;;10.33;14.79;6.15;;;;34.8;-9.3;9.0;635.7;45.1;eor;2008-04-01;2021-12-31;490;48.5734;12.2576;Landshut-Reithof;Bayern
2017-01-01;15555;2017-12-31;3.0;-999.0;8.51;12.43;4.63;;1976.99;;30.1;-17.2;9.0;1193.4;45.0;eor;2016-05-01;2021-12-31;815;47.8761;10.5849;Kaufbeuren-Oberbeuren;Bayern
2018-01-01;15555;2018-12-31;3.0;-999.0;9.42;13.58;5.38;;2082.09;;31.3;-16.4;9.0;771.7;26.5;eor;2016-05-01;2021-12-31;815;47.8761;10.5849;Kaufbeuren-Oberbeuren;Bayern
2019-01-01;15555;2019-12-31;3.0;-999.0;8.99;12.95;4.92;;2004.06;;31.5;-11.2;;;;eor;2016-05-01;2021-12-31;815;47.8761;10.5849;Kaufbeuren-Oberbeuren;Bayern
